{
    "ground_truth": [
        {
            "unknown-text": "unknown00001.txt",
            "true-author": "candidate00004"
        },
        {
            "unknown-text": "unknown00002.txt",
            "true-author": "candidate00011"
        },
        {
            "unknown-text": "unknown00003.txt",
            "true-author": "candidate00019"
        },
        {
            "unknown-text": "unknown00004.txt",
            "true-author": "candidate00008"
        },
        {
            "unknown-text": "unknown00005.txt",
            "true-author": "candidate00007"
        },
        {
            "unknown-text": "unknown00006.txt",
            "true-author": "candidate00002"
        },
        {
            "unknown-text": "unknown00007.txt",
            "true-author": "candidate00009"
        },
        {
            "unknown-text": "unknown00008.txt",
            "true-author": "candidate00015"
        },
        {
            "unknown-text": "unknown00009.txt",
            "true-author": "candidate00007"
        },
        {
            "unknown-text": "unknown00010.txt",
            "true-author": "candidate00009"
        },
        {
            "unknown-text": "unknown00011.txt",
            "true-author": "candidate00019"
        },
        {
            "unknown-text": "unknown00012.txt",
            "true-author": "candidate00010"
        },
        {
            "unknown-text": "unknown00013.txt",
            "true-author": "candidate00008"
        },
        {
            "unknown-text": "unknown00014.txt",
            "true-author": "candidate00013"
        },
        {
            "unknown-text": "unknown00015.txt",
            "true-author": "candidate00013"
        },
        {
            "unknown-text": "unknown00016.txt",
            "true-author": "candidate00016"
        },
        {
            "unknown-text": "unknown00017.txt",
            "true-author": "candidate00015"
        },
        {
            "unknown-text": "unknown00018.txt",
            "true-author": "candidate00006"
        },
        {
            "unknown-text": "unknown00019.txt",
            "true-author": "candidate00002"
        },
        {
            "unknown-text": "unknown00020.txt",
            "true-author": "candidate00016"
        },
        {
            "unknown-text": "unknown00021.txt",
            "true-author": "candidate00003"
        },
        {
            "unknown-text": "unknown00022.txt",
            "true-author": "candidate00014"
        },
        {
            "unknown-text": "unknown00023.txt",
            "true-author": "candidate00015"
        },
        {
            "unknown-text": "unknown00024.txt",
            "true-author": "candidate00008"
        },
        {
            "unknown-text": "unknown00025.txt",
            "true-author": "candidate00014"
        },
        {
            "unknown-text": "unknown00026.txt",
            "true-author": "candidate00011"
        },
        {
            "unknown-text": "unknown00027.txt",
            "true-author": "candidate00012"
        },
        {
            "unknown-text": "unknown00028.txt",
            "true-author": "candidate00019"
        },
        {
            "unknown-text": "unknown00029.txt",
            "true-author": "candidate00004"
        },
        {
            "unknown-text": "unknown00030.txt",
            "true-author": "candidate00012"
        },
        {
            "unknown-text": "unknown00031.txt",
            "true-author": "candidate00005"
        },
        {
            "unknown-text": "unknown00032.txt",
            "true-author": "candidate00001"
        },
        {
            "unknown-text": "unknown00033.txt",
            "true-author": "candidate00013"
        },
        {
            "unknown-text": "unknown00034.txt",
            "true-author": "candidate00007"
        },
        {
            "unknown-text": "unknown00035.txt",
            "true-author": "candidate00010"
        },
        {
            "unknown-text": "unknown00036.txt",
            "true-author": "candidate00003"
        },
        {
            "unknown-text": "unknown00037.txt",
            "true-author": "candidate00004"
        },
        {
            "unknown-text": "unknown00038.txt",
            "true-author": "candidate00013"
        },
        {
            "unknown-text": "unknown00039.txt",
            "true-author": "candidate00012"
        },
        {
            "unknown-text": "unknown00040.txt",
            "true-author": "candidate00006"
        },
        {
            "unknown-text": "unknown00041.txt",
            "true-author": "candidate00012"
        },
        {
            "unknown-text": "unknown00042.txt",
            "true-author": "candidate00010"
        },
        {
            "unknown-text": "unknown00043.txt",
            "true-author": "candidate00016"
        },
        {
            "unknown-text": "unknown00044.txt",
            "true-author": "candidate00001"
        },
        {
            "unknown-text": "unknown00045.txt",
            "true-author": "candidate00020"
        },
        {
            "unknown-text": "unknown00046.txt",
            "true-author": "candidate00011"
        },
        {
            "unknown-text": "unknown00047.txt",
            "true-author": "candidate00015"
        },
        {
            "unknown-text": "unknown00048.txt",
            "true-author": "candidate00017"
        },
        {
            "unknown-text": "unknown00049.txt",
            "true-author": "candidate00014"
        },
        {
            "unknown-text": "unknown00050.txt",
            "true-author": "candidate00004"
        },
        {
            "unknown-text": "unknown00051.txt",
            "true-author": "candidate00012"
        },
        {
            "unknown-text": "unknown00052.txt",
            "true-author": "candidate00004"
        },
        {
            "unknown-text": "unknown00053.txt",
            "true-author": "candidate00011"
        },
        {
            "unknown-text": "unknown00054.txt",
            "true-author": "candidate00017"
        },
        {
            "unknown-text": "unknown00055.txt",
            "true-author": "candidate00005"
        },
        {
            "unknown-text": "unknown00056.txt",
            "true-author": "candidate00010"
        },
        {
            "unknown-text": "unknown00057.txt",
            "true-author": "candidate00019"
        },
        {
            "unknown-text": "unknown00058.txt",
            "true-author": "candidate00019"
        },
        {
            "unknown-text": "unknown00059.txt",
            "true-author": "candidate00015"
        },
        {
            "unknown-text": "unknown00060.txt",
            "true-author": "candidate00020"
        },
        {
            "unknown-text": "unknown00061.txt",
            "true-author": "candidate00008"
        },
        {
            "unknown-text": "unknown00062.txt",
            "true-author": "candidate00011"
        },
        {
            "unknown-text": "unknown00063.txt",
            "true-author": "candidate00020"
        },
        {
            "unknown-text": "unknown00064.txt",
            "true-author": "candidate00020"
        },
        {
            "unknown-text": "unknown00065.txt",
            "true-author": "candidate00012"
        },
        {
            "unknown-text": "unknown00066.txt",
            "true-author": "candidate00006"
        },
        {
            "unknown-text": "unknown00067.txt",
            "true-author": "candidate00006"
        },
        {
            "unknown-text": "unknown00068.txt",
            "true-author": "candidate00013"
        },
        {
            "unknown-text": "unknown00069.txt",
            "true-author": "candidate00004"
        },
        {
            "unknown-text": "unknown00070.txt",
            "true-author": "candidate00009"
        },
        {
            "unknown-text": "unknown00071.txt",
            "true-author": "candidate00002"
        },
        {
            "unknown-text": "unknown00072.txt",
            "true-author": "candidate00008"
        },
        {
            "unknown-text": "unknown00073.txt",
            "true-author": "candidate00018"
        },
        {
            "unknown-text": "unknown00074.txt",
            "true-author": "candidate00003"
        },
        {
            "unknown-text": "unknown00075.txt",
            "true-author": "candidate00004"
        },
        {
            "unknown-text": "unknown00076.txt",
            "true-author": "candidate00007"
        },
        {
            "unknown-text": "unknown00077.txt",
            "true-author": "candidate00018"
        },
        {
            "unknown-text": "unknown00078.txt",
            "true-author": "candidate00012"
        },
        {
            "unknown-text": "unknown00079.txt",
            "true-author": "candidate00011"
        },
        {
            "unknown-text": "unknown00080.txt",
            "true-author": "candidate00020"
        },
        {
            "unknown-text": "unknown00081.txt",
            "true-author": "candidate00017"
        },
        {
            "unknown-text": "unknown00082.txt",
            "true-author": "candidate00013"
        },
        {
            "unknown-text": "unknown00083.txt",
            "true-author": "candidate00017"
        },
        {
            "unknown-text": "unknown00084.txt",
            "true-author": "candidate00006"
        },
        {
            "unknown-text": "unknown00085.txt",
            "true-author": "candidate00008"
        },
        {
            "unknown-text": "unknown00086.txt",
            "true-author": "candidate00005"
        },
        {
            "unknown-text": "unknown00087.txt",
            "true-author": "candidate00007"
        },
        {
            "unknown-text": "unknown00088.txt",
            "true-author": "candidate00005"
        },
        {
            "unknown-text": "unknown00089.txt",
            "true-author": "candidate00006"
        },
        {
            "unknown-text": "unknown00090.txt",
            "true-author": "candidate00013"
        },
        {
            "unknown-text": "unknown00091.txt",
            "true-author": "candidate00012"
        },
        {
            "unknown-text": "unknown00092.txt",
            "true-author": "candidate00018"
        },
        {
            "unknown-text": "unknown00093.txt",
            "true-author": "candidate00019"
        },
        {
            "unknown-text": "unknown00094.txt",
            "true-author": "candidate00011"
        },
        {
            "unknown-text": "unknown00095.txt",
            "true-author": "candidate00014"
        },
        {
            "unknown-text": "unknown00096.txt",
            "true-author": "candidate00006"
        },
        {
            "unknown-text": "unknown00097.txt",
            "true-author": "candidate00018"
        },
        {
            "unknown-text": "unknown00098.txt",
            "true-author": "candidate00005"
        },
        {
            "unknown-text": "unknown00099.txt",
            "true-author": "candidate00013"
        },
        {
            "unknown-text": "unknown00100.txt",
            "true-author": "candidate00003"
        },
        {
            "unknown-text": "unknown00101.txt",
            "true-author": "candidate00006"
        },
        {
            "unknown-text": "unknown00102.txt",
            "true-author": "candidate00001"
        },
        {
            "unknown-text": "unknown00103.txt",
            "true-author": "candidate00020"
        },
        {
            "unknown-text": "unknown00104.txt",
            "true-author": "candidate00011"
        },
        {
            "unknown-text": "unknown00105.txt",
            "true-author": "candidate00019"
        },
        {
            "unknown-text": "unknown00106.txt",
            "true-author": "candidate00019"
        },
        {
            "unknown-text": "unknown00107.txt",
            "true-author": "candidate00009"
        },
        {
            "unknown-text": "unknown00108.txt",
            "true-author": "candidate00018"
        },
        {
            "unknown-text": "unknown00109.txt",
            "true-author": "candidate00002"
        },
        {
            "unknown-text": "unknown00110.txt",
            "true-author": "candidate00009"
        },
        {
            "unknown-text": "unknown00111.txt",
            "true-author": "candidate00007"
        },
        {
            "unknown-text": "unknown00112.txt",
            "true-author": "candidate00004"
        },
        {
            "unknown-text": "unknown00113.txt",
            "true-author": "candidate00002"
        },
        {
            "unknown-text": "unknown00114.txt",
            "true-author": "candidate00019"
        },
        {
            "unknown-text": "unknown00115.txt",
            "true-author": "candidate00003"
        },
        {
            "unknown-text": "unknown00116.txt",
            "true-author": "candidate00001"
        },
        {
            "unknown-text": "unknown00117.txt",
            "true-author": "candidate00017"
        },
        {
            "unknown-text": "unknown00118.txt",
            "true-author": "candidate00009"
        },
        {
            "unknown-text": "unknown00119.txt",
            "true-author": "candidate00008"
        },
        {
            "unknown-text": "unknown00120.txt",
            "true-author": "candidate00008"
        },
        {
            "unknown-text": "unknown00121.txt",
            "true-author": "candidate00003"
        },
        {
            "unknown-text": "unknown00122.txt",
            "true-author": "candidate00008"
        },
        {
            "unknown-text": "unknown00123.txt",
            "true-author": "candidate00004"
        },
        {
            "unknown-text": "unknown00124.txt",
            "true-author": "candidate00016"
        },
        {
            "unknown-text": "unknown00125.txt",
            "true-author": "candidate00010"
        },
        {
            "unknown-text": "unknown00126.txt",
            "true-author": "candidate00014"
        },
        {
            "unknown-text": "unknown00127.txt",
            "true-author": "candidate00016"
        },
        {
            "unknown-text": "unknown00128.txt",
            "true-author": "candidate00013"
        },
        {
            "unknown-text": "unknown00129.txt",
            "true-author": "candidate00006"
        },
        {
            "unknown-text": "unknown00130.txt",
            "true-author": "candidate00002"
        },
        {
            "unknown-text": "unknown00131.txt",
            "true-author": "candidate00011"
        },
        {
            "unknown-text": "unknown00132.txt",
            "true-author": "candidate00007"
        },
        {
            "unknown-text": "unknown00133.txt",
            "true-author": "candidate00014"
        },
        {
            "unknown-text": "unknown00134.txt",
            "true-author": "candidate00003"
        },
        {
            "unknown-text": "unknown00135.txt",
            "true-author": "candidate00010"
        },
        {
            "unknown-text": "unknown00136.txt",
            "true-author": "candidate00001"
        }
    ]
}