{"unknown-folder": "unknown", "candidate-authors": [{"author-name": "candidate00001"}, {"author-name": "candidate00002"}, {"author-name": "candidate00003"}, {"author-name": "candidate00004"}, {"author-name": "candidate00005"}, {"author-name": "candidate00006"}, {"author-name": "candidate00007"}, {"author-name": "candidate00008"}, {"author-name": "candidate00009"}, {"author-name": "candidate00010"}, {"author-name": "candidate00011"}, {"author-name": "candidate00012"}, {"author-name": "candidate00013"}, {"author-name": "candidate00014"}, {"author-name": "candidate00015"}, {"author-name": "candidate00016"}, {"author-name": "candidate00017"}, {"author-name": "candidate00018"}, {"author-name": "candidate00019"}, {"author-name": "candidate00020"}]}