problem,language,rank_test_score,PCA_componentes,ngram_range,sublinear_tf,mean_test_score,std_test_score,mean_train_score,split0_test_score,split0_train_score,split1_test_score,split1_train_score,split2_test_score,split2_train_score,split3_test_score,split3_train_score,split4_test_score,split4_train_score,mean_score_time,mean_fit_time,std_fit_time,std_score_time,std_train_score
1,inglesa,26,0.1,"(2, 3)",True,0.30276644,0.07719312,0.6326691,0.23666666,0.6265773,0.28801587,0.6932179,0.38333333,0.6081316,0.23666666,0.6114644,0.45,0.62395436,0.38048563003540037,1.9680463790893554,0.09563370881854671,0.1618207198821622,0.031083573132864986
1,inglesa,25,0.1,"(2, 3)",False,0.32235828,0.07342408,0.6971093,0.24297619,0.65601206,0.3752778,0.74448776,0.3,0.7306552,0.27,0.6433733,0.45,0.71101815,0.3442220211029053,1.7730443954467774,0.03135084836351266,0.12271232721081332,0.04034858352366703
1,inglesa,28,0.1,"(2, 4)",True,0.22513811,0.046116896,0.8028734,0.18928571,0.8240604,0.2911977,0.8758838,0.24166666,0.8172119,0.17333333,0.7912316,0.2,0.70597905,0.6481643676757812,4.169261837005616,0.23420964239226566,0.2368613320934445,0.05569391349656995
1,inglesa,27,0.1,"(2, 4)",False,0.2647177,0.073345155,0.8588694,0.16633333,0.8962987,0.32309523,0.9170202,0.37,0.8463054,0.24583334,0.81133586,0.25833333,0.8233866,0.6502604484558105,4.406899785995483,0.25513100272514,0.26438070937132807,0.041130977393489115
1,inglesa,29,0.1,"(2, 5)",True,0.19316326,0.061656058,0.9257236,0.1554762,0.989899,0.1497619,0.90661615,0.19666667,0.8884732,0.21166667,0.90994674,0.33333334,0.933683,1.192873764038086,8.771576976776123,0.8685441961756131,0.6108769146824747,0.03516654486730241
1,inglesa,31,0.1,"(2, 5)",False,0.1607584,0.046651356,0.9405538,0.22602564,1.0,0.13079545,0.9687879,0.108333334,0.9073926,0.12,0.9019381,0.18333334,0.9246504,1.1123174667358398,7.775302791595459,0.8223529507561863,0.3997116832670194,0.037880796067861745
1,inglesa,30,0.1,"(3, 5)",True,0.19053732,0.08643253,0.9396627,0.13214286,0.989899,0.15102564,0.9164646,0.3090909,0.94155014,0.11666667,0.9410173,0.34166667,0.9093823,0.9294947624206543,7.816077184677124,0.9298871677146022,0.2863279217260306,0.028228125713230776
1,inglesa,32,0.1,"(3, 5)",False,0.15887605,0.03378825,0.9424139,0.19325396,1.0,0.1811455,0.9583333,0.108333334,0.9104229,0.12,0.89354646,0.135,0.9497669,1.0295353889465333,8.599687004089356,0.5517153479841604,0.39409912435914046,0.0375102775608133
1,inglesa,20,0.5,"(2, 3)",True,0.685,0.059221134,1.0,0.7033333,1.0,0.6483333,1.0,0.675,1.0,0.60833335,1.0,0.80833334,1.0,0.4609121799468994,2.3737725734710695,0.17785669393508144,0.18341847931533595,0.0
1,inglesa,24,0.5,"(2, 3)",False,0.6280952,0.09961206,1.0,0.76,1.0,0.57,1.0,0.6333333,1.0,0.46166667,1.0,0.64166665,1.0,0.44096860885620115,2.214389753341675,0.18317414296958584,0.16339633838711984,0.0
1,inglesa,16,0.5,"(2, 4)",True,0.7185714,0.050712608,1.0,0.7266667,1.0,0.7633333,1.0,0.69166666,1.0,0.60833335,1.0,0.75,1.0,0.8138887882232666,4.912728595733642,0.2663755924861049,0.2932453117358897,0.0
1,inglesa,23,0.5,"(2, 4)",False,0.65689343,0.07797765,1.0,0.6902381,1.0,0.5588889,1.0,0.73333335,1.0,0.6,1.0,0.76666665,1.0,0.7747466087341308,4.42133936882019,0.11349715610794874,0.2870792502778586,0.0
1,inglesa,13,0.5,"(2, 5)",True,0.73285717,0.0542972,1.0,0.735,1.0,0.78833336,1.0,0.69166666,1.0,0.625,1.0,0.76666665,1.0,1.3902325630187988,10.089421272277832,0.6687719469203347,0.47248074224864345,0.0
1,inglesa,19,0.5,"(2, 5)",False,0.7014286,0.049995463,1.0,0.70666665,1.0,0.6483333,1.0,0.80833334,1.0,0.68333334,1.0,0.7083333,1.0,1.3564628124237061,9.3659273147583,0.5826458207178756,0.5606620496647342,0.0
1,inglesa,17,0.5,"(3, 5)",True,0.71761906,0.042124692,1.0,0.735,1.0,0.75166667,1.0,0.69166666,1.0,0.625,1.0,0.73333335,1.0,1.0555601119995117,8.629219245910644,0.6460122466702619,0.35067713972879705,0.0
1,inglesa,21,0.5,"(3, 5)",False,0.67887753,0.056809075,1.0,0.67333335,1.0,0.6652381,1.0,0.80833334,1.0,0.60833335,1.0,0.65833336,1.0,1.202065372467041,9.287837839126587,0.3605516478318821,0.45692543884330517,0.0
1,inglesa,15,0.9,"(2, 3)",True,0.72642857,0.08338774,1.0,0.78,1.0,0.65833336,1.0,0.73333335,1.0,0.60833335,1.0,0.8666667,1.0,0.4649628162384033,2.3436798095703124,0.21747864589959434,0.1653727611685724,0.0
1,inglesa,22,0.9,"(2, 3)",False,0.6579252,0.07769327,1.0,0.72190475,1.0,0.61833334,1.0,0.6666667,1.0,0.5083333,1.0,0.75,1.0,0.42474656105041503,2.1118574142456055,0.12474404591330508,0.19886036794053977,0.0
1,inglesa,4,0.9,"(2, 4)",True,0.7852381,0.09447612,1.0,0.8,1.0,0.8233333,1.0,0.7083333,1.0,0.60833335,1.0,0.93333334,1.0,0.692119836807251,3.8224323749542237,0.26755586254141633,0.2583797405368589,0.0
1,inglesa,12,0.9,"(2, 4)",False,0.74227893,0.0967149,1.0,0.79,1.0,0.68714285,1.0,0.81666666,1.0,0.55833334,1.0,0.8666667,1.0,0.7447494029998779,3.7982073783874513,0.3263616380518186,0.3157566814195492,0.0
1,inglesa,2,0.9,"(2, 5)",True,0.7947619,0.09322455,1.0,0.77666664,1.0,0.855,1.0,0.75,1.0,0.6166667,1.0,0.93333334,1.0,1.1884727954864502,8.354434823989868,0.5711845988567938,0.37447894884767763,0.0
1,inglesa,10,0.9,"(2, 5)",False,0.7514966,0.07326016,1.0,0.7733333,1.0,0.68190473,1.0,0.8833333,1.0,0.6666667,1.0,0.8,1.0,1.2368035793304444,8.619440793991089,0.5947866867225486,0.5035970055406945,0.0
1,inglesa,5,0.9,"(3, 5)",True,0.7709524,0.09611442,1.0,0.745,1.0,0.8283333,1.0,0.7083333,1.0,0.60833335,1.0,0.93333334,1.0,1.0505859851837158,7.913932418823242,0.3836190085045159,0.40413436830724225,0.0
1,inglesa,11,0.9,"(3, 5)",False,0.74792516,0.096405156,1.0,0.81333333,1.0,0.6585714,1.0,0.8833333,1.0,0.60833335,1.0,0.8,1.0,0.9000900745391845,7.152365827560425,0.6123205005139878,0.3346435055555594,0.0
1,inglesa,14,0.999,"(2, 3)",True,0.73190475,0.08541416,1.0,0.78833336,1.0,0.665,1.0,0.73333335,1.0,0.60833335,1.0,0.875,1.0,0.39725003242492674,1.8694067478179932,0.14352720301955502,0.16263803407137595,0.0
1,inglesa,18,0.999,"(2, 3)",False,0.70442176,0.07649999,1.0,0.7702381,1.0,0.66190475,1.0,0.6666667,1.0,0.5833333,1.0,0.81666666,1.0,0.39837002754211426,1.773286771774292,0.17381665695210513,0.1502324504546113,0.0
1,inglesa,3,0.999,"(2, 4)",True,0.78571427,0.08893487,1.0,0.81166667,1.0,0.78833336,1.0,0.7583333,1.0,0.60833335,1.0,0.93333334,1.0,0.6868788242340088,3.655727243423462,0.3107472483779764,0.24273536400018603,0.0
1,inglesa,9,0.999,"(2, 4)",False,0.7538776,0.08431096,1.0,0.7966667,1.0,0.7002381,1.0,0.81666666,1.0,0.6,1.0,0.8666667,1.0,0.8031857490539551,4.020574998855591,0.4138733640234303,0.31044768141258355,0.0
1,inglesa,1,0.999,"(2, 5)",True,0.7952381,0.08733001,1.0,0.7783333,1.0,0.82166666,1.0,0.81666666,1.0,0.6166667,1.0,0.93333334,1.0,1.3021607875823975,8.989913415908813,0.4458030550692464,0.5266702111568619,0.0
1,inglesa,7,0.999,"(2, 5)",False,0.7667347,0.07683957,1.0,0.7733333,1.0,0.69357145,1.0,0.8833333,1.0,0.68333334,1.0,0.8666667,1.0,1.3074071884155274,9.355606412887573,0.2672483931275926,0.5902967166129256,0.0
1,inglesa,6,0.999,"(3, 5)",True,0.76857144,0.07321109,1.0,0.745,1.0,0.795,1.0,0.81666666,1.0,0.6166667,1.0,0.8666667,1.0,1.0202429294586182,7.574513959884643,0.9259791701193382,0.380315040298721,0.0
1,inglesa,8,0.999,"(3, 5)",False,0.76251704,0.07564193,1.0,0.75357145,1.0,0.69857144,1.0,0.8833333,1.0,0.68333334,1.0,0.8666667,1.0,0.8974867343902588,7.283617639541626,0.3543376310998294,0.4005854805627559,0.0
2,inglesa,27,0.1,"(2, 3)",True,0.39197278,0.12547065,0.7263212,0.3809524,0.7987879,0.47428572,0.6379798,0.46666667,0.6993007,0.46666667,0.73146856,0.1,0.76406926,0.11201963424682618,0.5416761875152588,0.06448542311829349,0.0329379634264235,0.055203517398259634
2,inglesa,26,0.1,"(2, 3)",False,0.4157823,0.07239322,0.7914612,0.3809524,0.9166667,0.47428572,0.79959595,0.26666668,0.7498279,0.46666667,0.72761905,0.46666667,0.7635964,0.11178841590881347,0.578615379333496,0.06002173714084419,0.04348095115631356,0.0668254113583101
2,inglesa,28,0.1,"(2, 4)",True,0.36789116,0.18219033,0.83538926,0.3809524,0.7187879,0.16666667,0.79545456,0.73333335,0.93333334,0.46666667,0.7960373,0.28,0.93333334,0.16129779815673828,0.9813353538513183,0.06460354820912957,0.05952291280755126,0.08476476107011992
2,inglesa,25,0.1,"(2, 4)",False,0.42380953,0.14168407,0.8660979,0.39333335,0.8787879,0.33333334,0.75333333,0.5,0.8993007,0.73333335,0.8657343,0.28,0.93333334,0.155657958984375,0.9146042346954346,0.054283399543475046,0.049742391197330725,0.060827698730037016
2,inglesa,29,0.1,"(2, 5)",True,0.22857143,0.084004104,0.9210443,0.31333333,0.7187879,0.16666667,0.92,0.28,1.0,0.08,0.9664336,0.28,1.0,0.23546051979064941,1.5358079433441163,0.1890764521862927,0.07979760738350106,0.10529666767413076
2,inglesa,31,0.1,"(2, 5)",False,0.2215873,0.06808765,0.88260275,0.2488889,0.75757575,0.21333334,0.75757575,0.06666667,1.0,0.28,0.93142855,0.28,0.9664336,0.24292535781860353,1.5266980171203612,0.13146169097363844,0.08603012240689405,0.10436204156584604
2,inglesa,30,0.1,"(3, 5)",True,0.22190475,0.08147173,0.93567675,0.31333333,0.7187879,0.16666667,0.959596,0.28,1.0,0.08,1.0,0.23333333,1.0,0.20123519897460937,1.3264721870422362,0.1402855404097151,0.07365449925331179,0.10956765263073723
2,inglesa,31,0.1,"(3, 5)",False,0.2215873,0.06808765,0.86588037,0.2488889,0.7121212,0.21333334,0.7179798,0.06666667,1.0,0.28,0.9328671,0.28,0.9664336,0.19272713661193847,1.2904410362243652,0.10969763619229794,0.06047446444396432,0.12498216248669632
2,inglesa,20,0.5,"(2, 3)",True,0.8095238,0.08302665,1.0,0.8,1.0,0.8,1.0,0.73333335,1.0,1.0,1.0,0.73333335,1.0,0.10370798110961914,0.4676514148712158,0.04357101187266024,0.03446516057536802,0.0
2,inglesa,24,0.5,"(2, 3)",False,0.7809524,0.09735737,1.0,0.7,1.0,0.8,1.0,0.73333335,1.0,1.0,1.0,0.73333335,1.0,0.10141735076904297,0.4705014228820801,0.025674878540408622,0.03469081481489698,0.0
2,inglesa,1,0.5,"(2, 4)",True,0.93904763,0.05278631,1.0,0.8933333,1.0,0.8933333,1.0,1.0,1.0,1.0,1.0,1.0,1.0,0.16547636985778807,0.8587706089019775,0.08899071481692535,0.06900885989558754,0.0
2,inglesa,3,0.5,"(2, 4)",False,0.8742857,0.09504743,1.0,0.8,1.0,0.8933333,1.0,1.0,1.0,1.0,1.0,0.73333335,1.0,0.1526956558227539,0.8324945449829102,0.07624597616771475,0.05551538596024105,0.0
2,inglesa,2,0.5,"(2, 5)",True,0.9047619,0.11187943,1.0,0.8,1.0,1.0,1.0,0.73333335,1.0,1.0,1.0,1.0,1.0,0.24144959449768066,1.4478111743927002,0.19554840621723815,0.08147217110404763,0.0
2,inglesa,3,0.5,"(2, 5)",False,0.8742857,0.09504743,1.0,0.8,1.0,0.8933333,1.0,0.73333335,1.0,1.0,1.0,1.0,1.0,0.24789876937866212,1.5205473899841309,0.16279794752842805,0.08497920714797777,0.0
2,inglesa,15,0.5,"(3, 5)",True,0.82857144,0.11187943,1.0,0.8,1.0,0.73333335,1.0,0.73333335,1.0,1.0,1.0,1.0,1.0,0.19910235404968263,1.3343464374542235,0.15244705859318047,0.06931849302109323,0.0
2,inglesa,3,0.5,"(3, 5)",False,0.8742857,0.09504743,1.0,0.8,1.0,0.8933333,1.0,0.73333335,1.0,1.0,1.0,1.0,1.0,0.20847697257995607,1.308413600921631,0.15293415940841862,0.056654884033806294,0.0
2,inglesa,17,0.9,"(2, 3)",True,0.81714284,0.10222025,1.0,0.8933333,1.0,0.73333335,1.0,0.73333335,1.0,1.0,1.0,0.73333335,1.0,0.10520939826965332,0.49479994773864744,0.07671595006111027,0.030480816658198885,0.0
2,inglesa,15,0.9,"(2, 3)",False,0.82857144,0.11187943,1.0,0.8,1.0,1.0,1.0,0.73333335,1.0,0.73333335,1.0,0.73333335,1.0,0.09902634620666503,0.4702310562133789,0.023093670992422842,0.033644820748680464,0.0
2,inglesa,6,0.9,"(2, 4)",True,0.8552381,0.11300874,1.0,0.8933333,1.0,0.73333335,1.0,0.73333335,1.0,1.0,1.0,1.0,1.0,0.15636134147644043,0.8602964401245117,0.07867885260155787,0.05557041145123811,0.0
2,inglesa,21,0.9,"(2, 4)",False,0.7980952,0.066257246,1.0,0.8,1.0,0.8933333,1.0,0.73333335,1.0,0.73333335,1.0,0.73333335,1.0,0.161682653427124,0.8375306129455566,0.06995920251751567,0.05439404305833882,0.0
2,inglesa,6,0.9,"(2, 5)",True,0.8552381,0.11300874,1.0,0.8933333,1.0,0.73333335,1.0,0.73333335,1.0,1.0,1.0,1.0,1.0,0.26680879592895507,1.4891953468322754,0.19425130993348982,0.07290686958816804,0.0
2,inglesa,17,0.9,"(2, 5)",False,0.81714284,0.10222025,1.0,0.8933333,1.0,0.73333335,1.0,0.73333335,1.0,0.73333335,1.0,1.0,1.0,0.24384722709655762,1.5238875865936279,0.11359618516850586,0.08444950006701514,0.0
2,inglesa,6,0.9,"(3, 5)",True,0.8552381,0.11300874,1.0,0.8933333,1.0,0.73333335,1.0,0.73333335,1.0,1.0,1.0,1.0,1.0,0.189789342880249,1.3326875686645507,0.1246363030793493,0.06422114560658289,0.0
2,inglesa,23,0.9,"(3, 5)",False,0.7904762,0.09035079,1.0,0.8,1.0,0.73333335,1.0,0.73333335,1.0,0.73333335,1.0,1.0,1.0,0.20026707649230957,1.2739524841308594,0.1447410544451383,0.06532554097991213,0.0
2,inglesa,17,0.999,"(2, 3)",True,0.81714284,0.10222025,1.0,0.8933333,1.0,0.73333335,1.0,0.73333335,1.0,1.0,1.0,0.73333335,1.0,0.10457158088684082,0.4852766513824463,0.041014265122154954,0.03834552477170543,0.0
2,inglesa,21,0.999,"(2, 3)",False,0.7980952,0.066257246,1.0,0.8,1.0,0.8933333,1.0,0.73333335,1.0,0.73333335,1.0,0.73333335,1.0,0.11240582466125489,0.4716805934906006,0.062143057271423094,0.036824361102162244,0.0
2,inglesa,6,0.999,"(2, 4)",True,0.8552381,0.11300874,1.0,0.8933333,1.0,0.73333335,1.0,0.73333335,1.0,1.0,1.0,1.0,1.0,0.16323113441467285,0.8600300312042236,0.06372346594442438,0.0559616497193391,0.0
2,inglesa,14,0.999,"(2, 4)",False,0.83619046,0.09035079,1.0,0.8,1.0,0.8933333,1.0,0.73333335,1.0,1.0,1.0,0.73333335,1.0,0.1715465545654297,0.8306480407714844,0.08350676381135594,0.048104684136211995,0.0
2,inglesa,6,0.999,"(2, 5)",True,0.8552381,0.11300874,1.0,0.8933333,1.0,0.73333335,1.0,0.73333335,1.0,1.0,1.0,1.0,1.0,0.23947396278381347,1.4779311656951903,0.1665751960826567,0.08196270224225374,0.0
2,inglesa,6,0.999,"(2, 5)",False,0.8552381,0.11300874,1.0,0.8933333,1.0,0.73333335,1.0,0.73333335,1.0,1.0,1.0,1.0,1.0,0.2535344123840332,1.446554183959961,0.10848754493496289,0.07549503572065971,0.0
2,inglesa,6,0.999,"(3, 5)",True,0.8552381,0.11300874,1.0,0.8933333,1.0,0.73333335,1.0,0.73333335,1.0,1.0,1.0,1.0,1.0,0.19584012031555176,1.3001478672027589,0.1466689289914001,0.0635464770449986,0.0
2,inglesa,6,0.999,"(3, 5)",False,0.8552381,0.11300874,1.0,0.8933333,1.0,0.73333335,1.0,0.73333335,1.0,1.0,1.0,1.0,1.0,0.18761825561523438,1.3391253471374511,0.0725043170252466,0.06352622842366233,0.0
3,francesa,26,0.1,"(2, 3)",True,0.2242347,0.030294945,0.6560814,0.23333333,0.55991703,0.26023808,0.63455266,0.2,0.6956557,0.17,0.75013983,0.2125,0.64014155,0.4009114742279053,1.8201801776885986,0.2260412650592988,0.15007467303486569,0.06384085552066204
3,francesa,25,0.1,"(2, 3)",False,0.3117347,0.08064756,0.6920141,0.37428573,0.6074456,0.24428572,0.5685878,0.4,0.7874287,0.17833333,0.7590027,0.36666667,0.73760575,0.40666861534118653,2.0141977787017824,0.05095265672083802,0.1404736648769449,0.08724206270849065
3,francesa,30,0.1,"(2, 4)",True,0.18957655,0.0942818,0.7449068,0.12341991,0.72780305,0.19843137,0.7055736,0.13333334,0.67301714,0.14166667,0.86551446,0.40833333,0.7526257,0.7222229480743408,4.140780210494995,0.2759750386357738,0.22374236178874093,0.06574733649583649
3,francesa,27,0.1,"(2, 4)",False,0.21508142,0.06676561,0.84531295,0.16761905,0.75288075,0.18330087,0.8879798,0.24444444,0.8552464,0.19166666,0.8995338,0.36761904,0.8309241,0.7163702011108398,4.0737128257751465,0.178278158188409,0.2806005004931881,0.052172385785492374
3,francesa,29,0.1,"(2, 5)",True,0.1935941,0.04956401,0.83540946,0.15773809,0.84800506,0.17539683,0.81618685,0.28611112,0.834294,0.15,0.87529135,0.25277779,0.80327004,1.2312206268310546,8.258127450942993,0.31029209422975107,0.5437809358272355,0.025111388132816173
3,francesa,28,0.1,"(2, 5)",False,0.20925027,0.09185328,0.9432237,0.20971362,0.897803,0.09099567,0.9608081,0.37,0.9666084,0.21166667,0.97488344,0.28166667,0.9160156,1.2021971702575684,8.142871618270874,0.4677199429590479,0.4637797075772676,0.03053427313023711
3,francesa,32,0.1,"(3, 5)",True,0.16806123,0.0655222,0.8409165,0.1347619,0.8613384,0.1131746,0.84780306,0.28611112,0.8259024,0.14166667,0.8659341,0.25277779,0.8036047,1.0207348346710206,7.45462999343872,0.7927249712936476,0.47955106583622475,0.023272072532991177
3,francesa,31,0.1,"(3, 5)",False,0.16949128,0.05994287,0.9314246,0.18428572,0.88631505,0.08060041,0.929899,0.25,0.9574009,0.21166667,0.97488344,0.195,0.9086247,0.9316587448120117,7.150564670562744,0.4752430856148275,0.36406023382729163,0.03200147922745175
3,francesa,18,0.5,"(2, 3)",True,0.7404762,0.13049878,1.0,0.82666665,1.0,0.765,1.0,0.6666667,1.0,0.45833334,1.0,0.875,1.0,0.4137437343597412,1.9506511688232422,0.11735020462299309,0.16442659661133655,0.0
3,francesa,24,0.5,"(2, 3)",False,0.65833336,0.1354358,1.0,0.7183333,1.0,0.7133333,1.0,0.68333334,1.0,0.32833335,1.0,0.73333335,1.0,0.40738482475280763,1.8587009906768799,0.13574778284625144,0.14128955501336765,0.0
3,francesa,19,0.5,"(2, 4)",True,0.73833334,0.097431295,1.0,0.8283333,1.0,0.7183333,1.0,0.75,1.0,0.525,1.0,0.8,1.0,0.7183133602142334,3.8317863941192627,0.23151784031093373,0.2727139607893335,0.0
3,francesa,22,0.5,"(2, 4)",False,0.71880955,0.116188526,1.0,0.8516667,1.0,0.6666667,1.0,0.69166666,1.0,0.50333333,1.0,0.8,1.0,0.7552397727966309,3.8576498508453367,0.11405656372558547,0.31535139848897253,0.0
3,francesa,16,0.5,"(2, 5)",True,0.7480952,0.12865122,1.0,0.87666667,1.0,0.6816667,1.0,0.75,1.0,0.50333333,1.0,0.8666667,1.0,1.1828076839447021,8.02408537864685,0.1956670573987993,0.4465199475654056,0.0
3,francesa,23,0.5,"(2, 5)",False,0.7185714,0.13001657,1.0,0.8066667,1.0,0.6566667,1.0,0.6666667,1.0,0.50333333,1.0,0.93333334,1.0,1.1630865573883056,7.884154415130615,0.241010538481858,0.44070889376455413,0.0
3,francesa,20,0.5,"(3, 5)",True,0.72333336,0.12699206,1.0,0.85,1.0,0.68,1.0,0.6333333,1.0,0.50333333,1.0,0.8666667,1.0,0.9674481868743896,6.961674690246582,0.32852169643469686,0.3798785738550393,0.0
3,francesa,21,0.5,"(3, 5)",False,0.7207143,0.13021916,1.0,0.81,1.0,0.6566667,1.0,0.675,1.0,0.50333333,1.0,0.93333334,1.0,0.9530938148498536,6.949374771118164,0.19993279408768713,0.3929849038956339,0.0
3,francesa,8,0.9,"(2, 3)",True,0.7619048,0.10821213,1.0,0.855,1.0,0.7366667,1.0,0.75,1.0,0.53333336,1.0,0.8666667,1.0,0.4398019313812256,2.034994649887085,0.0560944824823795,0.17007591013454762,0.0
3,francesa,15,0.9,"(2, 3)",False,0.7488095,0.13735805,1.0,0.82666665,1.0,0.7733333,1.0,0.75,1.0,0.425,1.0,0.8666667,1.0,0.4236382007598877,1.8781603813171386,0.13972470816019986,0.1434147875820574,0.0
3,francesa,5,0.9,"(2, 4)",True,0.7676191,0.12643732,1.0,0.87,1.0,0.76666665,1.0,0.75,1.0,0.48333332,1.0,0.8666667,1.0,0.7326999187469483,3.836139678955078,0.30966485797778437,0.24360533063497444,0.0
3,francesa,13,0.9,"(2, 4)",False,0.7538095,0.11295706,1.0,0.82666665,1.0,0.795,1.0,0.75,1.0,0.48333332,1.0,0.8,1.0,0.7170989513397217,3.8185001850128173,0.17207002839610094,0.26017264790794503,0.0
3,francesa,9,0.9,"(2, 5)",True,0.76166666,0.121534504,1.0,0.8233333,1.0,0.7966667,1.0,0.75,1.0,0.475,1.0,0.8666667,1.0,1.2140687465667725,8.198714971542358,0.35818158550253026,0.44639796403716875,0.0
3,francesa,6,0.9,"(2, 5)",False,0.7657143,0.116693385,1.0,0.85,1.0,0.77166665,1.0,0.75,1.0,0.5,1.0,0.8666667,1.0,1.24033842086792,7.931755018234253,0.16524568548976892,0.47247446420843253,0.0
3,francesa,9,0.9,"(3, 5)",True,0.76166666,0.121534504,1.0,0.8233333,1.0,0.7966667,1.0,0.75,1.0,0.475,1.0,0.8666667,1.0,1.0197847843170167,7.120621204376221,0.398588631157387,0.3772775862267424,0.0
3,francesa,12,0.9,"(3, 5)",False,0.7561905,0.117499456,1.0,0.825,1.0,0.77166665,1.0,0.75,1.0,0.48333332,1.0,0.8666667,1.0,1.0185822010040284,7.063597583770752,0.26953993009017563,0.38109845686373073,0.0
3,francesa,11,0.999,"(2, 3)",True,0.7607143,0.10136316,1.0,0.855,1.0,0.745,1.0,0.69166666,1.0,0.56666666,1.0,0.8666667,1.0,0.43257479667663573,1.9880427837371826,0.14810441330558605,0.15485108596038744,0.0
3,francesa,14,0.999,"(2, 3)",False,0.7504762,0.13293307,1.0,0.85,1.0,0.74333334,1.0,0.75,1.0,0.45,1.0,0.8666667,1.0,0.4232076644897461,1.9214962005615235,0.1372390825771888,0.15681610447441108,0.0
3,francesa,17,0.999,"(2, 4)",True,0.74761903,0.117496565,1.0,0.82666665,1.0,0.74,1.0,0.75,1.0,0.48333332,1.0,0.8666667,1.0,0.7534863948822021,3.922215795516968,0.31190770653751876,0.2759825869932485,0.0
3,francesa,1,0.999,"(2, 4)",False,0.77761906,0.10232945,1.0,0.87666667,1.0,0.795,1.0,0.75,1.0,0.55,1.0,0.8,1.0,0.7529258728027344,3.8583961486816407,0.15497907426488447,0.29259653570099886,0.0
3,francesa,2,0.999,"(2, 5)",True,0.7757143,0.13115741,1.0,0.85333335,1.0,0.82,1.0,0.75,1.0,0.46666667,1.0,0.8666667,1.0,1.2072741031646728,8.081382656097412,0.14001942621167676,0.45028839075211996,0.0
3,francesa,7,0.999,"(2, 5)",False,0.7633333,0.11242634,1.0,0.8516667,1.0,0.795,1.0,0.75,1.0,0.5,1.0,0.8,1.0,1.2774009227752685,8.21013503074646,0.17013071046444375,0.5135928878064525,0.0
3,francesa,3,0.999,"(3, 5)",True,0.7747619,0.13060126,1.0,0.85,1.0,0.82,1.0,0.75,1.0,0.46666667,1.0,0.8666667,1.0,1.162458610534668,7.322699356079101,0.4304638963394238,0.41024318884080063,0.0
3,francesa,4,0.999,"(3, 5)",False,0.7728571,0.11782323,1.0,0.8516667,1.0,0.795,1.0,0.75,1.0,0.5,1.0,0.8666667,1.0,1.0815853118896483,21.007923221588136,24.77206395620778,0.6105421936581099,0.0
4,francesa,29,0.1,"(2, 3)",True,0.23809524,0.09624468,0.3944338,0.36666667,0.32897437,0.11666667,0.43151516,0.26666668,0.38,0.23333333,0.4072039,0.2,0.42447552,0.097224760055542,0.5560910701751709,0.03944708306701266,0.032533500770879374,0.037239442744169925
4,francesa,28,0.1,"(2, 3)",False,0.2790476,0.12599716,0.5491755,0.32666665,0.5559596,0.11666667,0.50131315,0.5,0.72503495,0.23333333,0.45948717,0.33333334,0.50408256,0.1139803409576416,0.4688548564910889,0.05800500969519731,0.042023996232111595,0.09310289752637779
4,francesa,30,0.1,"(2, 4)",True,0.21619047,0.06936054,0.75870395,0.28,0.5345455,0.18,0.58787876,0.23333333,0.8689977,0.08,0.8997669,0.28,0.902331,0.164064359664917,0.9497273921966553,0.13039911331846982,0.059546376707142266,0.16255488765752396
4,francesa,25,0.1,"(2, 4)",False,0.36884353,0.057892397,0.7515167,0.37428573,0.5021212,0.39333335,0.7979798,0.46666667,0.68848485,0.3,0.93333334,0.28,0.83566433,0.16220035552978515,0.8505122184753418,0.06724171051645302,0.056512379365782614,0.14728751196090759
4,francesa,32,0.1,"(2, 5)",True,0.15396826,0.055022385,0.7279001,0.16888888,0.50545454,0.18,0.68242425,0.23333333,0.6495238,0.08,0.8997669,0.06666667,0.902331,0.24183740615844726,1.4411295890808105,0.21096927718283082,0.07102157402768942,0.15339964655644867
4,francesa,27,0.1,"(2, 5)",False,0.3277551,0.06712269,0.75570405,0.26666668,0.42979798,0.35714287,0.7979798,0.46666667,0.7484116,0.3,0.93333334,0.28,0.8689977,0.24320321083068847,1.5839589595794679,0.1618916917521764,0.09382693307104814,0.1746097316078882
4,francesa,31,0.1,"(3, 5)",True,0.1952381,0.13289042,0.7405812,0.18,0.50545454,0.18,0.6335353,0.5,0.7618182,0.08,0.8997669,0.06666667,0.902331,0.2093207836151123,1.4277964115142823,0.16542655241694693,0.07390486460166093,0.1540762485811566
4,francesa,26,0.1,"(3, 5)",False,0.3447619,0.070415035,0.7316861,0.4,0.389899,0.28333333,0.75757575,0.46666667,0.74265736,0.3,0.8993007,0.28,0.8689977,0.24145159721374512,1.510733413696289,0.1841311579081471,0.053438635826665325,0.1814156509485174
4,francesa,22,0.5,"(2, 3)",True,0.72952384,0.13384934,1.0,0.8933333,1.0,0.6933333,1.0,0.73333335,1.0,0.46666667,1.0,0.73333335,1.0,0.11102123260498047,0.507536792755127,0.04162356931233873,0.03722843975412177,0.0
4,francesa,24,0.5,"(2, 3)",False,0.66571426,0.074102335,1.0,0.6533333,1.0,0.6933333,1.0,0.73333335,1.0,0.5,1.0,0.73333335,1.0,0.11052484512329101,0.5043561935424805,0.06802158157238541,0.03432669524747013,0.0
4,francesa,19,0.5,"(2, 4)",True,0.8152381,0.122860834,1.0,0.79333335,1.0,0.6933333,1.0,1.0,1.0,0.73333335,1.0,1.0,1.0,0.1751774787902832,1.0314063549041748,0.05832902175403045,0.06764503546090551,0.0
4,francesa,21,0.5,"(2, 4)",False,0.73714286,0.1809624,1.0,0.6533333,1.0,0.6933333,1.0,1.0,1.0,0.46666667,1.0,1.0,1.0,0.1810770034790039,0.9290535926818848,0.06318068889059753,0.08186906783825881,0.0
4,francesa,15,0.5,"(2, 5)",True,0.84380955,0.12603134,1.0,0.8933333,1.0,0.6933333,1.0,1.0,1.0,0.73333335,1.0,1.0,1.0,0.23805856704711914,1.4458234786987305,0.17352385619572186,0.0851367006378817,0.0
4,francesa,23,0.5,"(2, 5)",False,0.6933333,0.15281487,1.0,0.72,1.0,0.6066667,1.0,1.0,1.0,0.46666667,1.0,0.73333335,1.0,0.24322123527526857,1.4215725898742675,0.13370246474608802,0.0858691415026897,0.0
4,francesa,15,0.5,"(3, 5)",True,0.84380955,0.12603134,1.0,0.8933333,1.0,0.6933333,1.0,1.0,1.0,0.73333335,1.0,1.0,1.0,0.199446964263916,1.2436535835266114,0.11731036795601889,0.06792811452784221,0.0
4,francesa,20,0.5,"(3, 5)",False,0.81142855,0.17018065,1.0,1.0,1.0,0.6066667,1.0,1.0,1.0,0.73333335,1.0,0.73333335,1.0,0.20059452056884766,1.2240996360778809,0.1351763673165242,0.07471274722231408,0.0
4,francesa,14,0.9,"(2, 3)",True,0.8647619,0.11929498,1.0,1.0,1.0,0.79333335,1.0,0.73333335,1.0,0.73333335,1.0,1.0,1.0,0.10942606925964356,0.48642311096191404,0.05712009984856533,0.03958492014538249,0.0
4,francesa,13,0.9,"(2, 3)",False,0.8695238,0.17576525,1.0,1.0,1.0,0.79333335,1.0,1.0,1.0,0.5,1.0,1.0,1.0,0.10894594192504883,0.48687105178833007,0.05496621872285657,0.03197902316418487,0.0
4,francesa,1,0.9,"(2, 4)",True,0.9028571,0.113688916,1.0,1.0,1.0,0.79333335,1.0,1.0,1.0,0.73333335,1.0,1.0,1.0,0.17360897064208985,0.991080379486084,0.0964975661174613,0.09295084539965906,0.0
4,francesa,1,0.9,"(2, 4)",False,0.9028571,0.113688916,1.0,1.0,1.0,0.79333335,1.0,1.0,1.0,0.73333335,1.0,1.0,1.0,0.1678619384765625,0.9405588626861572,0.11663026202023336,0.0693405022914464,0.0
4,francesa,1,0.9,"(2, 5)",True,0.9028571,0.113688916,1.0,1.0,1.0,0.79333335,1.0,1.0,1.0,0.73333335,1.0,1.0,1.0,0.2554597854614258,1.5066843986511231,0.13500662045768405,0.08656338375985848,0.0
4,francesa,11,0.9,"(2, 5)",False,0.8742857,0.14568627,1.0,1.0,1.0,0.6933333,1.0,1.0,1.0,0.73333335,1.0,1.0,1.0,0.24773402214050294,1.6311528205871582,0.16868083137357745,0.10575444570409712,0.0
4,francesa,1,0.9,"(3, 5)",True,0.9028571,0.113688916,1.0,1.0,1.0,0.79333335,1.0,1.0,1.0,0.73333335,1.0,1.0,1.0,0.19672718048095703,1.2607354164123534,0.10483878775830963,0.07601760193171712,0.0
4,francesa,15,0.9,"(3, 5)",False,0.84380955,0.12603134,1.0,0.8933333,1.0,0.6933333,1.0,1.0,1.0,0.73333335,1.0,1.0,1.0,0.19823365211486815,1.2369999885559082,0.13804440715522062,0.06747354381657931,0.0
4,francesa,12,0.999,"(2, 3)",True,0.872381,0.09657162,1.0,0.8933333,1.0,0.79333335,1.0,0.73333335,1.0,1.0,1.0,1.0,1.0,0.10780243873596192,0.4827145576477051,0.045591974023702984,0.03753190058499283,0.0
4,francesa,18,0.999,"(2, 3)",False,0.8390476,0.15894207,1.0,0.8933333,1.0,0.79333335,1.0,1.0,1.0,0.5,1.0,1.0,1.0,0.1030426025390625,0.4809706211090088,0.036895459317624155,0.04752106102351615,0.0
4,francesa,1,0.999,"(2, 4)",True,0.9028571,0.113688916,1.0,1.0,1.0,0.79333335,1.0,1.0,1.0,0.73333335,1.0,1.0,1.0,0.15947608947753905,0.8882091999053955,0.0858911994847345,0.060457481075383054,0.0
4,francesa,1,0.999,"(2, 4)",False,0.9028571,0.113688916,1.0,1.0,1.0,0.79333335,1.0,1.0,1.0,0.73333335,1.0,1.0,1.0,0.17133235931396484,0.8376845359802246,0.08268562850696509,0.06488898415456944,0.0
4,francesa,1,0.999,"(2, 5)",True,0.9028571,0.113688916,1.0,1.0,1.0,0.79333335,1.0,1.0,1.0,0.73333335,1.0,1.0,1.0,0.23167219161987304,1.4523382186889648,0.14514705144122145,0.0932936769176648,0.0
4,francesa,1,0.999,"(2, 5)",False,0.9028571,0.113688916,1.0,1.0,1.0,0.79333335,1.0,1.0,1.0,0.73333335,1.0,1.0,1.0,0.23216919898986815,1.4678656101226806,0.14906370896669038,0.08149200003143779,0.0
4,francesa,1,0.999,"(3, 5)",True,0.9028571,0.113688916,1.0,1.0,1.0,0.79333335,1.0,1.0,1.0,0.73333335,1.0,1.0,1.0,0.20083160400390626,1.196100378036499,0.12074845237167921,0.07080246270105227,0.0
4,francesa,1,0.999,"(3, 5)",False,0.9028571,0.113688916,1.0,1.0,1.0,0.79333335,1.0,1.0,1.0,0.73333335,1.0,1.0,1.0,0.1934812068939209,1.2204793453216554,0.13565381127203918,0.06678616229177,0.0
5,italiana,26,0.1,"(2, 3)",True,0.2651474,0.035395946,0.6770346,0.2988889,0.66687787,0.284127,0.74992424,0.26666668,0.6725457,0.21666667,0.6097813,0.20666666,0.686044,0.4402820110321045,1.9897199630737306,0.15563134492862338,0.1621729783247299,0.04481156366798488
5,italiana,25,0.1,"(2, 3)",False,0.29548404,0.07549647,0.69790447,0.37583333,0.67077756,0.24705128,0.840689,0.16428572,0.6710814,0.36666667,0.6129623,0.29166666,0.6940121,0.45133147239685056,2.18752498626709,0.2015057061451974,0.16888931066643192,0.07625365200058158
5,italiana,28,0.1,"(2, 4)",True,0.24145423,0.06311099,0.80905044,0.29743108,0.8107684,0.1468254,0.84141415,0.27,0.80744755,0.23666666,0.7960068,0.295,0.7896154,0.8175716876983643,4.8408088207244875,0.2612138335356589,0.3277550540779788,0.01789295099724467
5,italiana,27,0.1,"(2, 4)",False,0.24647959,0.09038623,0.85286033,0.295,0.8457179,0.11928572,0.959596,0.37083334,0.78523475,0.30833334,0.8332068,0.21761905,0.84054613,0.828317403793335,4.685000991821289,0.3721185168296332,0.3279553424265492,0.05754064181290019
5,italiana,29,0.1,"(2, 5)",True,0.13947846,0.030840658,0.91867584,0.16706349,0.88891417,0.094444446,0.94934344,0.13333334,0.92381454,0.15,0.9159574,0.17,0.91534966,1.430371379852295,9.797019052505494,0.5309552194194305,0.5794955870650916,0.01934486831088603
5,italiana,31,0.1,"(2, 5)",False,0.12867233,0.03396241,0.929611,0.15461722,0.92901516,0.077857144,0.989899,0.135,0.906715,0.13333334,0.9247669,0.16742425,0.897659,1.3893656253814697,9.738757753372193,1.3233615011462374,0.5959680657088402,0.03226025700510159
5,italiana,30,0.1,"(3, 5)",True,0.13879819,0.009343573,0.93577456,0.1395238,0.959798,0.14023809,0.989899,0.14444445,0.9247236,0.15,0.9085315,0.117619045,0.89592075,1.0086453914642335,7.7949910163879395,0.7285754513260395,0.3257543008886672,0.034523078200294995
5,italiana,32,0.1,"(3, 5)",False,0.12444418,0.031087225,0.92947966,0.14824787,0.929697,0.078140095,0.989899,0.125,0.92228603,0.13333334,0.9070413,0.16,0.8984749,0.978252649307251,7.366711378097534,0.577467114610847,0.3872111591441064,0.03214675345065332
5,italiana,22,0.5,"(2, 3)",True,0.6641837,0.064902164,1.0,0.7052381,1.0,0.6735714,1.0,0.5083333,1.0,0.68333334,1.0,0.7,1.0,0.44807095527648927,2.026000213623047,0.10017645260201284,0.16722046626860787,0.0
5,italiana,17,0.5,"(2, 3)",False,0.67721087,0.11680096,1.0,0.75,1.0,0.61190474,1.0,0.45,1.0,0.75,1.0,0.81666666,1.0,0.4277531623840332,1.9748348236083983,0.12039706935773445,0.13752805421424386,0.0
5,italiana,20,0.5,"(2, 4)",True,0.6722109,0.10828834,1.0,0.6402381,1.0,0.76666665,1.0,0.44166666,1.0,0.68333334,1.0,0.76666665,1.0,0.8487986087799072,4.50722370147705,0.45412728423667753,0.28793631434211714,0.0
5,italiana,23,0.5,"(2, 4)",False,0.64625853,0.05232429,1.0,0.72190475,1.0,0.62333333,1.0,0.56666666,1.0,0.6333333,1.0,0.6333333,1.0,0.7781387805938721,3.994906854629517,0.1857563847446284,0.30457892388508717,0.0
5,italiana,18,0.5,"(2, 5)",True,0.6768027,0.10949851,1.0,0.6902381,1.0,0.71190476,1.0,0.41666666,1.0,0.75,1.0,0.76666665,1.0,1.4297730445861816,8.688533544540405,0.8918348674051318,0.3572443200154835,0.0
5,italiana,24,0.5,"(2, 5)",False,0.64383423,0.09966574,1.0,0.62833333,1.0,0.56675327,1.0,0.53333336,1.0,0.76666665,1.0,0.81666666,1.0,1.5454220294952392,10.486147165298462,0.8212851317803659,0.6199362007347429,0.0
5,italiana,16,0.5,"(3, 5)",True,0.67911565,0.13521515,1.0,0.72333336,1.0,0.73690474,1.0,0.35,1.0,0.71666664,1.0,0.76666665,1.0,1.3197676181793212,9.396397352218628,0.703338942206907,0.5162680440736549,0.0
5,italiana,21,0.5,"(3, 5)",False,0.66563493,0.08941581,1.0,0.6538889,1.0,0.66333336,1.0,0.49166667,1.0,0.71666664,1.0,0.81666666,1.0,1.2888360023498535,9.447607231140136,0.26511097561785657,0.48571554720766963,0.0
5,italiana,15,0.9,"(2, 3)",True,0.68615645,0.09116151,1.0,0.67214286,1.0,0.6752381,1.0,0.5083333,1.0,0.8,1.0,0.8,1.0,0.6075279712677002,2.9824564456939697,0.1370990150291397,0.23937240393793457,0.0
5,italiana,19,0.9,"(2, 3)",False,0.675,0.07443525,1.0,0.62285715,1.0,0.6938095,1.0,0.55833334,1.0,0.8,1.0,0.73333335,1.0,0.5574632167816163,2.71323938369751,0.15250996012053217,0.19877635832934226,0.0
5,italiana,7,0.9,"(2, 4)",True,0.72537416,0.08063301,1.0,0.63714284,1.0,0.7683333,1.0,0.65,1.0,0.8666667,1.0,0.75,1.0,1.032048797607422,5.945762777328492,0.28179561142967174,0.3759950583624998,0.0
5,italiana,12,0.9,"(2, 4)",False,0.7076871,0.08494227,1.0,0.6452381,1.0,0.69,1.0,0.6166667,1.0,0.8666667,1.0,0.8,1.0,1.0206799983978272,5.37050461769104,0.410693626919811,0.35563609951458,0.0
5,italiana,4,0.9,"(2, 5)",True,0.7369728,0.081904635,1.0,0.73190475,1.0,0.76,1.0,0.56666666,1.0,0.8666667,1.0,0.7416667,1.0,1.80081205368042,11.864172887802123,0.4770242187094475,0.6095723191547388,0.0
5,italiana,10,0.9,"(2, 5)",False,0.7167234,0.06923741,1.0,0.70214283,1.0,0.7188889,1.0,0.6166667,1.0,0.8666667,1.0,0.69166666,1.0,1.6399188041687012,11.21718101501465,0.7083600647134443,0.5776857590615776,0.0
5,italiana,9,0.9,"(3, 5)",True,0.7203061,0.08472365,1.0,0.70857143,1.0,0.7583333,1.0,0.56666666,1.0,0.8666667,1.0,0.675,1.0,1.4284471988677978,10.300982761383057,0.5415958298311015,0.42645875627099467,0.0
5,italiana,8,0.9,"(3, 5)",False,0.72529477,0.06879586,1.0,0.70214283,1.0,0.7238889,1.0,0.6166667,1.0,0.8666667,1.0,0.7416667,1.0,1.5958181381225587,11.414507389068604,0.1847513946765151,0.5384599383118276,0.0
5,italiana,13,0.999,"(2, 3)",True,0.6973469,0.08425116,1.0,0.6738095,1.0,0.7335714,1.0,0.51666665,1.0,0.8,1.0,0.75,1.0,0.6176393508911133,2.8907306671142576,0.2199194464309919,0.2849211061385142,0.0
5,italiana,14,0.999,"(2, 3)",False,0.6862585,0.05459776,1.0,0.66,1.0,0.6585714,1.0,0.6333333,1.0,0.8,1.0,0.73333335,1.0,0.5440052032470704,2.61061372756958,0.19921561001523652,0.1927786597978951,0.0
5,italiana,1,0.999,"(2, 4)",True,0.7634694,0.04713854,1.0,0.7454762,1.0,0.7683333,1.0,0.7,1.0,0.8666667,1.0,0.75,1.0,0.9799665451049805,5.186999034881592,0.4374633276176784,0.33023610019828126,0.0
5,italiana,11,0.999,"(2, 4)",False,0.7077551,0.09267205,1.0,0.6471428,1.0,0.71166664,1.0,0.57,1.0,0.8666667,1.0,0.8,1.0,0.9633189678192139,5.246701002120972,0.24067029561349496,0.37887487078824295,0.0
5,italiana,2,0.999,"(2, 5)",True,0.7572109,0.067778595,1.0,0.73190475,1.0,0.76,1.0,0.6333333,1.0,0.8666667,1.0,0.81666666,1.0,1.8307447910308838,10.893425559997558,0.7102688114612572,0.767091738650337,0.0
5,italiana,5,0.999,"(2, 5)",False,0.73085034,0.07978904,1.0,0.7388095,1.0,0.73,1.0,0.57,1.0,0.8666667,1.0,0.7416667,1.0,1.5804277896881103,10.212323474884034,0.3437044386472199,0.5302383643367706,0.0
5,italiana,3,0.999,"(3, 5)",True,0.73721087,0.085615374,1.0,0.70857143,1.0,0.78,1.0,0.56666666,1.0,0.8666667,1.0,0.75,1.0,1.201611042022705,8.525379037857055,0.978817454293462,0.49145094546081036,0.0
5,italiana,5,0.999,"(3, 5)",False,0.73085034,0.07978904,1.0,0.7388095,1.0,0.73,1.0,0.57,1.0,0.8666667,1.0,0.7416667,1.0,1.1548998355865479,8.02963924407959,0.357864963796025,0.5267889202567794,0.0
6,italiana,30,0.1,"(2, 3)",True,0.19333333,0.14636332,0.78603584,0.21333334,0.92,0.08,0.7979798,0.46666667,0.77590907,0.3,0.66200465,0.0,0.77428573,0.1102562427520752,0.5232426166534424,0.05857823275665494,0.030601680636906776,0.08211382820583989
6,italiana,25,0.1,"(2, 3)",False,0.46571428,0.15660803,0.75650483,0.3,0.40242425,0.5466667,0.75757575,0.73333335,0.75435895,0.53333336,0.9331002,0.3,0.9350649,0.1190150260925293,0.5317867279052735,0.04682724731074394,0.03581890026014134,0.19413833294701635
6,italiana,29,0.1,"(2, 4)",True,0.20727272,0.06585097,0.92727274,0.2060606,0.83838385,0.2060606,0.7979798,0.28,1.0,0.28,1.0,0.06666667,1.0,0.2036799430847168,1.0694333553314208,0.11819906051580835,0.06123482981102245,0.0899840705103842
6,italiana,28,0.1,"(2, 4)",False,0.21755102,0.118381105,0.8322238,0.1,0.60242426,0.17142858,0.7987879,0.28,0.86317015,0.46666667,0.8967366,0.23333333,1.0,0.20643539428710939,1.0920626640319824,0.0911435474859121,0.073601980718809,0.13205622220250843
6,italiana,31,0.1,"(2, 5)",True,0.18476191,0.14323759,0.96666664,0.18,1.0,0.06666667,0.8333333,0.5,1.0,0.23333333,1.0,0.06666667,1.0,0.32228875160217285,1.961928367614746,0.16002572944489413,0.10659584476745626,0.06666666666666667
6,italiana,26,0.1,"(2, 5)",False,0.2707483,0.08441297,0.90179795,0.3942857,0.80454546,0.18,0.8377778,0.28,0.8666667,0.23333333,1.0,0.23333333,1.0,0.32163419723510744,1.8686399936676026,0.1834401020707373,0.11957731062810975,0.08255679577181628
6,italiana,32,0.1,"(3, 5)",True,0.15015873,0.08052611,0.9757576,0.16888888,1.0,0.06666667,0.8787879,0.28,1.0,0.23333333,1.0,0.06666667,1.0,0.2853060245513916,1.5822676181793214,0.1330311744217597,0.12025973927910537,0.04848484848484852
6,italiana,27,0.1,"(3, 5)",False,0.25904763,0.15212478,0.9157109,0.46666667,0.7587879,0.06666667,0.92,0.28,0.8997669,0.23333333,1.0,0.23333333,1.0,0.24661993980407715,1.651713228225708,0.18704630334996566,0.10148878284655394,0.08843839309506642
6,italiana,3,0.5,"(2, 3)",True,0.93142855,0.093313895,1.0,0.8933333,1.0,1.0,1.0,0.73333335,1.0,1.0,1.0,1.0,1.0,0.1313394069671631,0.5917649745941163,0.03467650899560264,0.04830853665864965,0.0
6,italiana,10,0.5,"(2, 3)",False,0.9009524,0.11554858,1.0,0.7866667,1.0,1.0,1.0,0.73333335,1.0,1.0,1.0,1.0,1.0,0.1327052116394043,0.5943898677825927,0.03810238695183141,0.043805534464281995,0.0
6,italiana,10,0.5,"(2, 4)",True,0.9009524,0.11554858,1.0,0.7866667,1.0,1.0,1.0,1.0,1.0,1.0,1.0,0.73333335,1.0,0.21398658752441407,1.1865039825439454,0.15810842850989065,0.07552383452301221,0.0
6,italiana,10,0.5,"(2, 4)",False,0.9009524,0.11554858,1.0,0.7866667,1.0,1.0,1.0,1.0,1.0,1.0,1.0,0.73333335,1.0,0.23622961044311525,1.232842779159546,0.16580648558262395,0.1050915867224113,0.0
6,italiana,18,0.5,"(2, 5)",True,0.8933333,0.18029958,1.0,0.8933333,1.0,1.0,1.0,1.0,1.0,1.0,1.0,0.46666667,1.0,0.3152326583862305,1.978402328491211,0.15455313172533253,0.12087522130691793,0.0
6,italiana,17,0.5,"(2, 5)",False,0.8933333,0.11041049,1.0,0.8933333,1.0,1.0,1.0,0.73333335,1.0,1.0,1.0,0.73333335,1.0,0.30576863288879397,1.777763795852661,0.18286506526194296,0.10319769776026848,0.0
6,italiana,18,0.5,"(3, 5)",True,0.8933333,0.18029958,1.0,0.8933333,1.0,1.0,1.0,1.0,1.0,1.0,1.0,0.46666667,1.0,0.2743180274963379,1.6750466346740722,0.22457288585103455,0.08154637887975656,0.0
6,italiana,3,0.5,"(3, 5)",False,0.93142855,0.093313895,1.0,0.8933333,1.0,1.0,1.0,1.0,1.0,1.0,1.0,0.73333335,1.0,0.25129523277282717,1.6171948909759521,0.1417717162837575,0.08168781184775693,0.0
6,italiana,10,0.9,"(2, 3)",True,0.9009524,0.082764044,1.0,0.8933333,1.0,0.8933333,1.0,1.0,1.0,1.0,1.0,0.73333335,1.0,0.13810858726501465,0.5956819534301758,0.04810382927427094,0.047578782170434354,0.0
6,italiana,10,0.9,"(2, 3)",False,0.9009524,0.11554858,1.0,0.7866667,1.0,1.0,1.0,0.73333335,1.0,1.0,1.0,1.0,1.0,0.14706816673278808,0.6458010673522949,0.050969173283222424,0.07198530516650722,0.0
6,italiana,3,0.9,"(2, 4)",True,0.93142855,0.093313895,1.0,0.8933333,1.0,1.0,1.0,1.0,1.0,1.0,1.0,0.73333335,1.0,0.20573434829711915,1.125229835510254,0.11939860231779785,0.08452114088696068,0.0
6,italiana,1,0.9,"(2, 4)",False,0.9695238,0.04818709,1.0,0.8933333,1.0,1.0,1.0,1.0,1.0,1.0,1.0,1.0,1.0,0.20255017280578613,1.0366304397583008,0.055371567592168776,0.07604627999819594,0.0
6,italiana,18,0.9,"(2, 5)",True,0.8933333,0.18029958,1.0,0.8933333,1.0,1.0,1.0,1.0,1.0,1.0,1.0,0.46666667,1.0,0.2945833683013916,1.691304588317871,0.1796362752116241,0.09284776602812907,0.0
6,italiana,18,0.9,"(2, 5)",False,0.8933333,0.18029958,1.0,0.8933333,1.0,1.0,1.0,1.0,1.0,1.0,1.0,0.46666667,1.0,0.3071114540100098,1.807601547241211,0.1810425855894238,0.10359225023666527,0.0
6,italiana,18,0.9,"(3, 5)",True,0.8933333,0.18029958,1.0,0.8933333,1.0,1.0,1.0,1.0,1.0,1.0,1.0,0.46666667,1.0,0.2432713985443115,1.492360782623291,0.13039052477803395,0.08096718949772669,0.0
6,italiana,18,0.9,"(3, 5)",False,0.8933333,0.18029958,1.0,0.8933333,1.0,1.0,1.0,1.0,1.0,1.0,1.0,0.46666667,1.0,0.23952245712280273,1.5032948017120362,0.11965820609080821,0.0785381857249795,0.0
6,italiana,10,0.999,"(2, 3)",True,0.9009524,0.082764044,1.0,0.8933333,1.0,0.8933333,1.0,1.0,1.0,1.0,1.0,0.73333335,1.0,0.1302234172821045,0.5751845836639404,0.05760694526248359,0.04972074694838606,0.0
6,italiana,10,0.999,"(2, 3)",False,0.9009524,0.11554858,1.0,0.7866667,1.0,1.0,1.0,0.73333335,1.0,1.0,1.0,1.0,1.0,0.12862677574157716,0.5730381488800049,0.050517389161173966,0.04429419438974188,0.0
6,italiana,3,0.999,"(2, 4)",True,0.93142855,0.093313895,1.0,0.8933333,1.0,1.0,1.0,1.0,1.0,1.0,1.0,0.73333335,1.0,0.20330634117126464,1.0357585906982423,0.08850395018860502,0.07152620075389682,0.0
6,italiana,1,0.999,"(2, 4)",False,0.9695238,0.04818709,1.0,0.8933333,1.0,1.0,1.0,1.0,1.0,1.0,1.0,1.0,1.0,0.20117340087890626,1.0347366333007812,0.11666796255331588,0.07611141591568181,0.0
6,italiana,3,0.999,"(2, 5)",True,0.93142855,0.093313895,1.0,0.8933333,1.0,1.0,1.0,1.0,1.0,1.0,1.0,0.73333335,1.0,0.3091172218322754,1.713592529296875,0.17995565966065166,0.08485121910420189,0.0
6,italiana,3,0.999,"(2, 5)",False,0.93142855,0.093313895,1.0,0.8933333,1.0,1.0,1.0,1.0,1.0,1.0,1.0,0.73333335,1.0,0.30782485008239746,1.8889601707458497,0.24811192408698046,0.10562099813919025,0.0
6,italiana,18,0.999,"(3, 5)",True,0.8933333,0.18029958,1.0,0.8933333,1.0,1.0,1.0,1.0,1.0,1.0,1.0,0.46666667,1.0,0.2616560459136963,1.5870556354522705,0.12638525389321428,0.09816101289409224,0.0
6,italiana,3,0.999,"(3, 5)",False,0.93142855,0.093313895,1.0,0.8933333,1.0,1.0,1.0,1.0,1.0,1.0,1.0,0.73333335,1.0,0.2693771839141846,1.7039097785949706,0.2503269234283669,0.09794183115583728,0.0
7,polonesa,25,0.1,"(2, 3)",True,0.3989194,0.089765534,0.8201206,0.36395603,0.85035354,0.31142858,0.81742424,0.43333334,0.8477572,0.41666666,0.79570377,0.59166664,0.789364,0.5849828243255615,2.692269229888916,0.6931727918331635,0.2033809141587412,0.025405661153053594
7,polonesa,26,0.1,"(2, 3)",False,0.39078644,0.11284338,0.8515612,0.31136364,0.84020203,0.36472222,0.8228535,0.30833334,0.8660373,0.425,0.88286716,0.65,0.8458458,0.6266889095306396,3.186196804046631,0.33119166814951584,0.26801448136787587,0.020858788666495476
7,polonesa,27,0.1,"(2, 4)",True,0.2706342,0.04817769,0.92845213,0.21626374,0.9691667,0.30528137,0.89929295,0.32777777,0.93250585,0.21428572,0.8914702,0.3092857,0.94982517,1.0938171863555908,6.951144504547119,0.8583168554726452,0.3942380635271559,0.029491813772716195
7,polonesa,30,0.1,"(2, 4)",False,0.26539573,0.056402758,0.9535578,0.24202898,0.989899,0.28179654,0.94934344,0.35,0.93356645,0.15595238,0.97488344,0.30416667,0.9200966,1.0375427722930908,6.368009424209594,0.30266961953841737,0.38965798617842995,0.025739211109284236
7,polonesa,28,0.1,"(2, 5)",True,0.26561996,0.069792055,0.99666667,0.18996753,1.0,0.36458334,1.0,0.2559524,1.0,0.2809524,1.0,0.21333334,0.98333335,2.2953426837921143,15.335253381729126,1.1774780011076302,0.83957755809465,0.006666666666666644
7,polonesa,29,0.1,"(2, 5)",False,0.2655479,0.029883284,0.9979798,0.29742426,1.0,0.25504902,0.989899,0.2611111,1.0,0.28666666,1.0,0.20611112,1.0,2.4774919509887696,16.21494517326355,2.271004729361384,1.1739304012920804,0.004040404040404022
7,polonesa,32,0.1,"(3, 5)",True,0.24242848,0.06937273,0.99666667,0.15760684,1.0,0.33791667,1.0,0.2559524,1.0,0.23666666,1.0,0.21333334,0.98333335,2.2420768260955812,17.948430204391478,2.878215123876782,0.6290286748038172,0.006666666666666644
7,polonesa,31,0.1,"(3, 5)",False,0.24382275,0.027049478,1.0,0.24407408,1.0,0.225,1.0,0.2575,1.0,0.3,1.0,0.21111111,1.0,2.2712934017181396,21.20262885093689,0.7176694692326889,0.5268787671761098,0.0
7,polonesa,15,0.5,"(2, 3)",True,0.8066667,0.07044079,1.0,0.72,1.0,0.80333334,1.0,0.8666667,1.0,0.8,1.0,0.93333334,1.0,0.8223986625671387,4.29780650138855,0.6594601284429875,0.3192749837797891,0.0
7,polonesa,22,0.5,"(2, 3)",False,0.7895238,0.10079727,1.0,0.6766667,1.0,0.87,1.0,0.81666666,1.0,0.68333334,1.0,0.93333334,1.0,0.8707109928131104,4.668456554412842,0.36688207076917845,0.28721362129456207,0.0
7,polonesa,20,0.5,"(2, 4)",True,0.7909524,0.08175582,1.0,0.6983333,1.0,0.80333334,1.0,0.8666667,1.0,0.73333335,1.0,0.93333334,1.0,1.8957209587097168,10.934558582305907,1.1095743123449966,0.7101131733176246,0.0
7,polonesa,19,0.5,"(2, 4)",False,0.7952381,0.08152528,1.0,0.695,1.0,0.8466667,1.0,0.8,1.0,0.75,1.0,0.93333334,1.0,1.8676268100738525,10.81249566078186,1.0427538401811474,0.6077823477438348,0.0
7,polonesa,17,0.5,"(2, 5)",True,0.8009524,0.07171846,1.0,0.7183333,1.0,0.785,1.0,0.8666667,1.0,0.8,1.0,0.93333334,1.0,4.52327823638916,31.07700400352478,3.0693228665416736,2.2648923085495185,0.0
7,polonesa,21,0.5,"(2, 5)",False,0.79071426,0.07181246,1.0,0.73833334,1.0,0.7583333,1.0,0.8666667,1.0,0.7416667,1.0,0.93333334,1.0,2.8809577941894533,22.29623293876648,2.1655676060254008,1.1592819625967044,0.0
7,polonesa,24,0.5,"(3, 5)",True,0.77690476,0.08873641,1.0,0.68333334,1.0,0.7316667,1.0,0.8666667,1.0,0.80833334,1.0,0.93333334,1.0,2.326109218597412,19.270945024490356,4.699602240801039,1.0146974818311676,0.0
7,polonesa,23,0.5,"(3, 5)",False,0.7792857,0.078890406,1.0,0.73833334,1.0,0.7183333,1.0,0.8666667,1.0,0.7416667,1.0,0.93333334,1.0,1.8830899238586425,15.519180011749267,1.4589323384528265,0.7273137751444144,0.0
7,polonesa,4,0.9,"(2, 3)",True,0.8238776,0.07460898,1.0,0.73690474,1.0,0.87166667,1.0,0.8666667,1.0,0.75,1.0,0.93333334,1.0,0.6920504570007324,3.247871923446655,0.39060080892114396,0.32817692180893127,0.0
7,polonesa,5,0.9,"(2, 3)",False,0.8238095,0.082079686,1.0,0.7133333,1.0,0.895,1.0,0.81666666,1.0,0.8,1.0,0.93333334,1.0,0.6340004444122315,2.8233272552490236,0.13671622754345394,0.2175616970435865,0.0
7,polonesa,6,0.9,"(2, 4)",True,0.82340133,0.07843791,1.0,0.73690474,1.0,0.87833333,1.0,0.8666667,1.0,0.73333335,1.0,0.93333334,1.0,1.2859253406524658,7.13667402267456,0.9115891296404122,0.4683195471468456,0.0
7,polonesa,10,0.9,"(2, 4)",False,0.81261903,0.07802043,1.0,0.72833335,1.0,0.87833333,1.0,0.8,1.0,0.7416667,1.0,0.93333334,1.0,1.1543414115905761,6.272340869903564,0.5557148984566305,0.4286869784677365,0.0
7,polonesa,7,0.9,"(2, 5)",True,0.8233333,0.082143895,1.0,0.76166666,1.0,0.87833333,1.0,0.8666667,1.0,0.68333334,1.0,0.93333334,1.0,2.3106690406799317,16.418865203857422,2.1845948458946043,0.9687481143854181,0.0
7,polonesa,12,0.9,"(2, 5)",False,0.81142855,0.09383128,1.0,0.72833335,1.0,0.87833333,1.0,0.8666667,1.0,0.6666667,1.0,0.93333334,1.0,2.0750924587249755,14.004531145095825,2.2008590980452163,0.8750034253950819,0.0
7,polonesa,16,0.9,"(3, 5)",True,0.802381,0.07292558,1.0,0.76166666,1.0,0.8383333,1.0,0.8,1.0,0.68333334,1.0,0.93333334,1.0,1.5504834175109863,12.722819185256958,2.07210433335538,0.6383689945244304,0.0
7,polonesa,12,0.9,"(3, 5)",False,0.81142855,0.09383128,1.0,0.72833335,1.0,0.87833333,1.0,0.8666667,1.0,0.6666667,1.0,0.93333334,1.0,1.7241476058959961,13.623638534545899,0.5312980496583074,0.6771531460464791,0.0
7,polonesa,2,0.999,"(2, 3)",True,0.8410204,0.086612985,1.0,0.7385714,1.0,0.89666665,1.0,0.93333334,1.0,0.75,1.0,0.93333334,1.0,0.6926127910614014,3.341157388687134,0.15493332162781212,0.30017383296622396,0.0
7,polonesa,8,0.999,"(2, 3)",False,0.8214286,0.094949566,1.0,0.7133333,1.0,0.92,1.0,0.81666666,1.0,0.73333335,1.0,0.93333334,1.0,0.6414153575897217,3.1248589992523192,0.1613374113721611,0.24151674643737753,0.0
7,polonesa,3,0.999,"(2, 4)",True,0.8257823,0.07587901,1.0,0.73690474,1.0,0.87833333,1.0,0.8666667,1.0,0.75,1.0,0.93333334,1.0,1.1833685398101808,6.468836402893066,0.41775818438134354,0.4128824020112637,0.0
7,polonesa,1,0.999,"(2, 4)",False,0.84190476,0.081393756,1.0,0.76,1.0,0.92,1.0,0.8666667,1.0,0.73333335,1.0,0.93333334,1.0,1.232119607925415,6.556517601013184,0.39874100710855487,0.5093092146206388,0.0
7,polonesa,9,0.999,"(2, 5)",True,0.82095236,0.08630353,1.0,0.76166666,1.0,0.87833333,1.0,0.8666667,1.0,0.6666667,1.0,0.93333334,1.0,2.0473058223724365,15.230928802490235,1.1870264240231307,0.8150449244473394,0.0
7,polonesa,11,0.999,"(2, 5)",False,0.8119048,0.094173215,1.0,0.72833335,1.0,0.88,1.0,0.8666667,1.0,0.6666667,1.0,0.93333334,1.0,2.245054578781128,15.443347024917603,2.511491745858641,0.8981525205307938,0.0
7,polonesa,12,0.999,"(3, 5)",True,0.81142855,0.08439057,1.0,0.76166666,1.0,0.87833333,1.0,0.8,1.0,0.6666667,1.0,0.93333334,1.0,1.854951763153076,14.835320854187012,2.435198911587372,0.8274037882355167,0.0
7,polonesa,18,0.999,"(3, 5)",False,0.8,0.08718708,1.0,0.72833335,1.0,0.8383333,1.0,0.8666667,1.0,0.6666667,1.0,0.93333334,1.0,1.4861396312713624,13.536566591262817,1.8554365652178562,0.755227624153596,0.0
8,polonesa,26,0.1,"(2, 3)",True,0.27455783,0.13131684,0.65711623,0.18,0.71393937,0.3809524,0.5807792,0.06666667,0.7969231,0.46666667,0.5962704,0.26666668,0.597669,0.13070402145385743,0.8539161682128906,0.07065094655659233,0.04831260387762841,0.08466209812837759
8,polonesa,25,0.1,"(2, 3)",False,0.32408163,0.11712318,0.7459651,0.34666666,0.6104762,0.3809524,0.5229293,0.06666667,0.9331002,0.28,0.902331,0.46666667,0.760989,0.13184337615966796,0.8091832160949707,0.046730635994078305,0.039564675403448775,0.15987356704174616
8,polonesa,27,0.1,"(2, 4)",True,0.24539682,0.1572778,0.81573695,0.16888888,0.79515153,0.37333333,0.6209091,0.06666667,0.9664336,0.5,0.93333334,0.06666667,0.76285714,0.2703224182128906,1.6550600051879882,0.31748679937267427,0.10016521451342005,0.12467261799362182
8,polonesa,30,0.1,"(2, 4)",False,0.14141414,0.1143806,0.86354935,0.32222223,0.7583838,0.07272727,0.65959597,0.06666667,1.0,0.06666667,0.93333334,0.06666667,0.9664336,0.29873123168945315,1.8486989498138429,0.1918092043813923,0.10914822582167748,0.13170460621954708
8,polonesa,31,0.1,"(2, 5)",True,0.108398266,0.061931334,0.9620433,0.2060606,0.8751515,0.06666667,1.0,0.06666667,1.0,0.06666667,1.0,0.08,0.9350649,0.3658155918121338,2.7380462646484376,0.11664213320115922,0.13099095447033263,0.05019989576362566
8,polonesa,28,0.1,"(2, 5)",False,0.20217687,0.21426044,0.97358644,0.5409524,1.0,0.06666667,1.0,0.06666667,0.9664336,0.06666667,0.9664336,0.06666667,0.9350649,0.3407410144805908,2.440872812271118,0.31589298400783755,0.11461294192116579,0.024419606248753098
8,polonesa,32,0.1,"(3, 5)",True,0.068571426,0.0046656947,0.9789322,0.06666667,0.959596,0.06666667,1.0,0.06666667,1.0,0.06666667,1.0,0.08,0.9350649,0.28966078758239744,2.241933012008667,0.23115749556584944,0.09147514890096287,0.026943584454796644
8,polonesa,28,0.1,"(3, 5)",False,0.20217687,0.21426044,0.9732401,0.5409524,1.0,0.06666667,1.0,0.06666667,0.9664336,0.06666667,0.9664336,0.06666667,0.93333334,0.31618804931640626,2.2904069900512694,0.3258469444103503,0.13042119126984247,0.024969550737606486
8,polonesa,16,0.5,"(2, 3)",True,0.7752381,0.098349184,1.0,0.7866667,1.0,0.6933333,1.0,0.73333335,1.0,0.73333335,1.0,1.0,1.0,0.16129965782165528,0.7766163349151611,0.12524338778777108,0.07918774410674669,0.0
8,polonesa,13,0.5,"(2, 3)",False,0.7942857,0.1437559,1.0,0.62666667,1.0,0.7866667,1.0,0.73333335,1.0,1.0,1.0,1.0,1.0,0.1405416488647461,0.6402671813964844,0.06105320387598564,0.04917044195237035,0.0
8,polonesa,19,0.5,"(2, 4)",True,0.7088435,0.2052664,1.0,0.46666667,1.0,0.64761907,1.0,0.73333335,1.0,1.0,1.0,1.0,1.0,0.22026300430297852,1.192357349395752,0.0955103288855434,0.07328686258197128,0.0
8,polonesa,19,0.5,"(2, 4)",False,0.7088435,0.2052664,1.0,0.46666667,1.0,0.64761907,1.0,0.73333335,1.0,1.0,1.0,1.0,1.0,0.21793875694274903,1.357326602935791,0.27394181756149316,0.07535669594589595,0.0
8,polonesa,21,0.5,"(2, 5)",True,0.6936054,0.16674611,1.0,0.47428572,1.0,0.72,1.0,0.73333335,1.0,0.73333335,1.0,1.0,1.0,0.38130340576171873,2.5305677890777587,0.3266953070919178,0.15579295003961433,0.0
8,polonesa,23,0.5,"(2, 5)",False,0.6355102,0.17434831,1.0,0.47428572,1.0,0.6333333,1.0,0.73333335,1.0,0.5,1.0,1.0,1.0,0.36368184089660643,2.4977153301239015,0.14459962612584096,0.12164520336618395,0.0
8,polonesa,21,0.5,"(3, 5)",True,0.6936054,0.16674611,1.0,0.47428572,1.0,0.72,1.0,0.73333335,1.0,0.73333335,1.0,1.0,1.0,0.3190042495727539,2.0455305576324463,0.21144684028709637,0.11527490077183168,0.0
8,polonesa,24,0.5,"(3, 5)",False,0.6307483,0.17839272,1.0,0.47428572,1.0,0.6333333,1.0,0.73333335,1.0,0.46666667,1.0,1.0,1.0,0.2803650379180908,2.039223146438599,0.19591649680507722,0.0919246121011721,0.0
8,polonesa,6,0.9,"(2, 3)",True,0.85333335,0.17292993,1.0,0.62,1.0,1.0,1.0,0.73333335,1.0,1.0,1.0,1.0,1.0,0.13656868934631347,0.7005999088287354,0.04985568452807753,0.045943227289016814,0.0
8,polonesa,4,0.9,"(2, 3)",False,0.8742857,0.14568627,1.0,0.6933333,1.0,1.0,1.0,0.73333335,1.0,1.0,1.0,1.0,1.0,0.13826208114624022,0.6135223388671875,0.04368493170603785,0.047008109914544585,0.0
8,polonesa,1,0.9,"(2, 4)",True,0.8819048,0.1364267,1.0,0.72,1.0,1.0,1.0,0.73333335,1.0,1.0,1.0,1.0,1.0,0.22056279182434083,1.225327968597412,0.09602846513743123,0.07137892800777847,0.0
8,polonesa,11,0.9,"(2, 4)",False,0.8247619,0.11523416,1.0,0.72,1.0,0.8,1.0,0.73333335,1.0,1.0,1.0,1.0,1.0,0.22828397750854493,1.2773997783660889,0.06766103925430059,0.07629703410670127,0.0
8,polonesa,14,0.9,"(2, 5)",True,0.7812245,0.14203456,1.0,0.72,1.0,0.64761907,1.0,0.73333335,1.0,1.0,1.0,1.0,1.0,0.36085057258605957,2.2721707820892334,0.2787482671267911,0.1084180780867269,0.0
8,polonesa,17,0.9,"(2, 5)",False,0.7326531,0.14596236,1.0,0.8,1.0,0.64761907,1.0,0.73333335,1.0,0.5,1.0,1.0,1.0,0.3614974498748779,2.471574831008911,0.14501983809823113,0.14670233571692218,0.0
8,polonesa,14,0.9,"(3, 5)",True,0.7812245,0.14203456,1.0,0.72,1.0,0.64761907,1.0,0.73333335,1.0,1.0,1.0,1.0,1.0,0.26735777854919435,1.8959163665771483,0.17524035069142274,0.08926445644973621,0.0
8,polonesa,17,0.9,"(3, 5)",False,0.7326531,0.14596236,1.0,0.8,1.0,0.64761907,1.0,0.73333335,1.0,0.5,1.0,1.0,1.0,0.3208803653717041,2.6772252559661864,0.5906364737937585,0.16618100515563153,0.0
8,polonesa,6,0.999,"(2, 3)",True,0.85333335,0.17292993,1.0,0.62,1.0,1.0,1.0,0.73333335,1.0,1.0,1.0,1.0,1.0,0.13790464401245117,0.7946568012237549,0.09612558402316694,0.05233369181202435,0.0
8,polonesa,4,0.999,"(2, 3)",False,0.8742857,0.14568627,1.0,0.6933333,1.0,1.0,1.0,0.73333335,1.0,1.0,1.0,1.0,1.0,0.14353713989257813,0.6370396137237548,0.06266904810511416,0.04517878830824644,0.0
8,polonesa,1,0.999,"(2, 4)",True,0.8819048,0.1364267,1.0,0.72,1.0,1.0,1.0,0.73333335,1.0,1.0,1.0,1.0,1.0,0.23198399543762208,1.3765371799468995,0.09857515889236536,0.0821702993835421,0.0
8,polonesa,1,0.999,"(2, 4)",False,0.8819048,0.1364267,1.0,0.72,1.0,1.0,1.0,0.73333335,1.0,1.0,1.0,1.0,1.0,0.24108800888061524,1.4325486183166505,0.21132769695141335,0.0752416863827335,0.0
8,polonesa,8,0.999,"(2, 5)",True,0.85142857,0.11720091,1.0,0.72,1.0,0.8933333,1.0,0.73333335,1.0,1.0,1.0,1.0,1.0,0.3911940097808838,2.9405500411987306,0.5370283556607587,0.135151622359263,0.0
8,polonesa,8,0.999,"(2, 5)",False,0.85142857,0.11720091,1.0,0.72,1.0,0.8933333,1.0,0.73333335,1.0,1.0,1.0,1.0,1.0,0.34552803039550783,2.5101733207702637,0.25285352684797163,0.12303696884087278,0.0
8,polonesa,11,0.999,"(3, 5)",True,0.8247619,0.11523416,1.0,0.72,1.0,0.8,1.0,0.73333335,1.0,1.0,1.0,1.0,1.0,0.28426556587219237,1.9610179901123046,0.14319007051202412,0.10288122932388406,0.0
8,polonesa,8,0.999,"(3, 5)",False,0.85142857,0.11720091,1.0,0.72,1.0,0.8933333,1.0,0.73333335,1.0,1.0,1.0,1.0,1.0,0.2654707908630371,1.976166296005249,0.19105322691176607,0.09379215342657353,0.0
9,espanhola,27,0.1,"(2, 3)",True,0.29812324,0.058740523,0.78581244,0.26666668,0.84128785,0.30009803,0.8907071,0.38666666,0.6625386,0.2,0.7727972,0.36666667,0.7617316,0.46709504127502444,2.4200343608856203,0.39222240754460774,0.16108967841177874,0.07749340285460264
9,espanhola,25,0.1,"(2, 3)",False,0.3758797,0.05106776,0.81554985,0.354329,0.8096465,0.335,0.82896185,0.42,0.7087851,0.4825,0.8470646,0.35,0.8832913,0.49862041473388674,2.611712598800659,0.0685855484383365,0.19447353881212515,0.05864388438734748
9,espanhola,28,0.1,"(2, 4)",True,0.27253824,0.036592785,0.8818416,0.28260684,0.8907071,0.26580086,0.9001127,0.21428572,0.8003929,0.25166667,0.9098951,0.345,0.90810025,1.032029628753662,5.845670223236084,0.4147089669242244,0.438008970282722,0.04128638393511382
9,espanhola,26,0.1,"(2, 4)",False,0.31827316,0.07892566,0.93047607,0.37919414,0.9122222,0.2642857,0.96060604,0.19333333,0.89147353,0.30833334,0.95506996,0.43928573,0.9330087,0.977458381652832,5.646875,0.7352034336916351,0.28513850184788564,0.025974948120489026
9,espanhola,31,0.1,"(2, 5)",True,0.1605801,0.044572603,0.9582408,0.193,0.96979797,0.10018116,0.94795454,0.21111111,0.949617,0.13214286,0.95804197,0.19444445,0.96579254,1.3915586948394776,10.088065576553344,0.3772723118173138,0.5509045536527809,0.008611769101004385
9,espanhola,29,0.1,"(2, 5)",False,0.26448718,0.08341867,0.98214066,0.35,0.96035355,0.19269231,1.0,0.14166667,0.9916084,0.26666668,0.9755245,0.3576923,0.98321676,1.4587136268615724,9.51606707572937,0.8125560453621539,0.5653814735497918,0.013625011600684788
9,espanhola,32,0.1,"(3, 5)",True,0.14019275,0.039714746,0.95473814,0.08761905,0.96979797,0.1297619,0.93848485,0.18333334,0.9489161,0.18214285,0.9582751,0.18111111,0.9582168,1.5813018321990966,9.484409523010253,0.7014922101889859,0.9189173337224694,0.010483084912134526
9,espanhola,30,0.1,"(3, 5)",False,0.257703,0.05829971,0.97242385,0.29670995,0.940305,0.22602564,0.97979796,0.16742425,0.98327506,0.23333333,0.9755245,0.3576923,0.98321676,1.2341028690338134,9.138861417770386,1.0612505215267423,0.36207550603874405,0.016308587122373763
9,espanhola,19,0.5,"(2, 3)",True,0.83,0.07508197,1.0,0.84833336,1.0,0.8233333,1.0,0.93333334,1.0,0.6666667,1.0,0.8666667,1.0,0.6295867919921875,2.637446069717407,0.13488851623786324,0.22350977132787345,0.0
9,espanhola,23,0.5,"(2, 3)",False,0.7664286,0.071115986,1.0,0.82166666,1.0,0.74833333,1.0,0.8,1.0,0.60833335,1.0,0.81666666,1.0,0.5098351001739502,2.6189528465270997,0.10718752741778774,0.19330099743285273,0.0
9,espanhola,13,0.5,"(2, 4)",True,0.84761906,0.057285536,1.0,0.87333333,1.0,0.82666665,1.0,0.93333334,1.0,0.73333335,1.0,0.8666667,1.0,0.9717519760131836,5.301291227340698,0.6586519879841649,0.47184121783460636,0.0
9,espanhola,21,0.5,"(2, 4)",False,0.79071426,0.07372653,1.0,0.80333334,1.0,0.835,1.0,0.8666667,1.0,0.625,1.0,0.76666665,1.0,0.8519131660461425,4.462241840362549,0.2027054331567324,0.3156940621353462,0.0
9,espanhola,18,0.5,"(2, 5)",True,0.83190477,0.06400911,1.0,0.88,1.0,0.84833336,1.0,0.8666667,1.0,0.68333334,1.0,0.81666666,1.0,1.4107281684875488,9.451723194122314,0.6484514795341327,0.5377994853688405,0.0
9,espanhola,22,0.5,"(2, 5)",False,0.7798299,0.06817294,1.0,0.7885714,1.0,0.795,1.0,0.8666667,1.0,0.625,1.0,0.8,1.0,1.3847311973571776,9.31686520576477,0.5279053865013621,0.49180954344220373,0.0
9,espanhola,20,0.5,"(3, 5)",True,0.80911565,0.05792348,1.0,0.85333335,1.0,0.7952381,1.0,0.8666667,1.0,0.68333334,1.0,0.81666666,1.0,1.351139783859253,9.193775415420532,0.1865714641694691,0.48231142745761624,0.0
9,espanhola,24,0.5,"(3, 5)",False,0.7638095,0.070060715,1.0,0.75166667,1.0,0.78,1.0,0.8666667,1.0,0.6166667,1.0,0.8,1.0,1.4422621726989746,10.906785011291504,0.9727958854148858,0.7010460767500558,0.0
9,espanhola,15,0.9,"(2, 3)",True,0.84380955,0.08094538,1.0,0.895,1.0,0.825,1.0,0.93333334,1.0,0.6666667,1.0,0.8666667,1.0,0.5501795768737793,2.6385610580444334,0.1574601488138284,0.20107359595031285,0.0
9,espanhola,13,0.9,"(2, 3)",False,0.84761906,0.112655036,1.0,0.92,1.0,0.81333333,1.0,0.93333334,1.0,0.6,1.0,0.93333334,1.0,0.5392248153686523,2.5595287799835207,0.2573936811933401,0.18382289031347232,0.0
9,espanhola,6,0.9,"(2, 4)",True,0.88857144,0.07712816,1.0,0.97333336,1.0,0.87,1.0,0.93333334,1.0,0.73333335,1.0,0.8666667,1.0,1.1442931652069093,6.439126443862915,0.9610418802855252,0.44254221342659544,0.0
9,espanhola,16,0.9,"(2, 4)",False,0.83809525,0.08847665,1.0,0.87666667,1.0,0.84,1.0,0.8666667,1.0,0.6333333,1.0,0.93333334,1.0,1.156902027130127,6.532291603088379,1.1582327482706054,0.4792033290311716,0.0
9,espanhola,1,0.9,"(2, 5)",True,0.92285717,0.08884494,1.0,1.0,1.0,0.89666665,1.0,1.0,1.0,0.73333335,1.0,0.93333334,1.0,1.7627540111541748,10.975170803070068,0.3469420676147816,0.8357362087070969,0.0
9,espanhola,11,0.9,"(2, 5)",False,0.8552381,0.07317314,1.0,0.87666667,1.0,0.875,1.0,0.8666667,1.0,0.68333334,1.0,0.93333334,1.0,1.39068660736084,9.579060077667236,0.7410973332904656,0.5283187625708706,0.0
9,espanhola,5,0.9,"(3, 5)",True,0.90761906,0.092250764,1.0,1.0,1.0,0.87666667,1.0,1.0,1.0,0.73333335,1.0,0.8666667,1.0,1.2157091617584228,8.645322370529176,0.5975222942311195,0.41300464862308367,0.0
9,espanhola,10,0.9,"(3, 5)",False,0.8566667,0.08176622,1.0,0.94666666,1.0,0.8433333,1.0,0.8666667,1.0,0.68333334,1.0,0.8666667,1.0,1.1349786281585694,8.821233797073365,1.1069306044306533,0.5119884510721441,0.0
9,espanhola,17,0.999,"(2, 3)",True,0.83761907,0.0775511,1.0,0.87333333,1.0,0.825,1.0,0.93333334,1.0,0.6666667,1.0,0.8666667,1.0,0.5337142467498779,2.5888780117034913,0.31857953801837147,0.17922813710438143,0.0
9,espanhola,12,0.999,"(2, 3)",False,0.8485714,0.103614934,1.0,0.89666665,1.0,0.87333333,1.0,0.93333334,1.0,0.6,1.0,0.8666667,1.0,0.560722827911377,2.342912769317627,0.288898540458608,0.14310038403199515,0.0
9,espanhola,4,0.999,"(2, 4)",True,0.91333336,0.09076396,1.0,1.0,1.0,0.89666665,1.0,1.0,1.0,0.73333335,1.0,0.8666667,1.0,0.920220136642456,5.042996072769165,0.4611329423838561,0.36001880152225096,0.0
9,espanhola,9,0.999,"(2, 4)",False,0.85690475,0.104473084,1.0,0.94666666,1.0,0.84,1.0,0.8666667,1.0,0.625,1.0,0.93333334,1.0,0.901151180267334,5.030977821350097,0.6648519859200472,0.3111592128727995,0.0
9,espanhola,1,0.999,"(2, 5)",True,0.92285717,0.08884494,1.0,1.0,1.0,0.89666665,1.0,1.0,1.0,0.73333335,1.0,0.93333334,1.0,1.8292277812957765,11.209467601776122,1.586589903395613,0.918383724659649,0.0
9,espanhola,7,0.999,"(2, 5)",False,0.8742857,0.09361292,1.0,0.97333336,1.0,0.845,1.0,0.8666667,1.0,0.68333334,1.0,0.93333334,1.0,1.7153414249420167,11.672382020950318,0.5795720726398524,0.7697632625953592,0.0
9,espanhola,3,0.999,"(3, 5)",True,0.91714287,0.0909636,1.0,1.0,1.0,0.87666667,1.0,1.0,1.0,0.73333335,1.0,0.93333334,1.0,1.7696138381958009,11.416894578933716,1.7511995500153472,0.9391585278587511,0.0
9,espanhola,8,0.999,"(3, 5)",False,0.8738095,0.0937648,1.0,0.97333336,1.0,0.8433333,1.0,0.8666667,1.0,0.68333334,1.0,0.93333334,1.0,1.2975749015808105,9.621453475952148,0.554677190491743,0.5440875265611615,0.0
10,espanhola,26,0.1,"(2, 3)",True,0.52380955,0.11045977,0.8693329,0.62666667,0.8871795,0.56666666,0.9191919,0.5,0.87132865,0.28,0.8321678,0.5,0.8367965,0.23434715270996093,1.2351304054260255,0.2617785498804951,0.1206099488366799,0.03239834183845923
10,espanhola,25,0.1,"(2, 3)",False,0.5485714,0.1523869,0.8496091,0.62666667,0.9222222,0.6933333,0.91959596,0.46666667,0.77316016,0.23333333,0.83263403,0.5,0.8004329,0.14736580848693848,0.728464412689209,0.022008101028659077,0.03840508802312859,0.06119103850378499
10,espanhola,28,0.1,"(2, 4)",True,0.33265308,0.21860987,0.9174297,0.3809524,0.87959594,0.06666667,0.83878785,0.73333335,0.902331,0.23333333,1.0,0.46666667,0.9664336,0.2524603843688965,1.2541050434112548,0.14172242464103038,0.06770633757778233,0.05841768909388054
10,espanhola,27,0.1,"(2, 4)",False,0.5044444,0.1561666,0.91299766,0.62666667,0.8488889,0.42222223,0.8832323,0.73333335,0.9331002,0.23333333,1.0,0.46666667,0.8997669,0.22941803932189941,1.4453137874603272,0.36490211950166873,0.08742863223924074,0.05127276749570136
10,espanhola,30,0.1,"(2, 5)",True,0.31587303,0.21650235,0.9035835,0.32222223,0.87959594,0.06666667,0.83878785,0.73333335,0.8666667,0.23333333,1.0,0.46666667,0.9328671,0.3550206184387207,2.8304200172424316,0.25557496177637756,0.15430933415511672,0.057079593257843925
10,espanhola,31,0.1,"(2, 5)",False,0.31142858,0.18878776,0.9018866,0.53333336,0.8032323,0.06666667,0.84,0.28,0.93333334,0.23333333,1.0,0.46666667,0.9328671,0.41425199508666993,2.5828335762023924,0.7216912768273033,0.08405629801252362,0.07090493254736761
10,espanhola,29,0.1,"(3, 5)",True,0.32285714,0.30295596,0.89916086,0.21333334,0.84,0.06666667,0.82363635,1.0,0.8993007,0.23333333,1.0,0.46666667,0.9328671,0.28601961135864257,2.2891049861907957,0.3874374876854481,0.09712258077997132,0.06404470539940291
10,espanhola,32,0.1,"(3, 5)",False,0.26349208,0.18322164,0.8816534,0.32222223,0.8032323,0.06666667,0.84,0.5,0.8321678,0.06666667,1.0,0.5,0.9328671,0.33520960807800293,2.23095383644104,0.40150857908036175,0.12360332133310219,0.0734335844179805
10,espanhola,19,0.5,"(2, 3)",True,0.8142857,0.17804685,1.0,1.0,1.0,0.73333335,1.0,1.0,1.0,0.5,1.0,0.73333335,1.0,0.15999631881713866,0.8471446514129639,0.1013741415487205,0.07054384771863784,0.0
10,espanhola,21,0.5,"(2, 3)",False,0.8095238,0.18662779,1.0,1.0,1.0,0.73333335,1.0,1.0,1.0,0.46666667,1.0,0.73333335,1.0,0.14119400978088378,0.6559608459472657,0.047436074472898354,0.04927151129144242,0.0
10,espanhola,19,0.5,"(2, 4)",True,0.8142857,0.17804685,1.0,1.0,1.0,0.73333335,1.0,1.0,1.0,0.5,1.0,0.73333335,1.0,0.20627617835998535,1.1729062080383301,0.12327624866654867,0.07175619759953406,0.0
10,espanhola,24,0.5,"(2, 4)",False,0.6495238,0.18374783,1.0,0.73333335,1.0,0.8,1.0,0.73333335,1.0,0.28,1.0,0.46666667,1.0,0.21306004524230956,1.171617603302002,0.1318221389226932,0.08124690511570358,0.0
10,espanhola,10,0.5,"(2, 5)",True,0.86,0.17182493,1.0,1.0,1.0,0.8933333,1.0,1.0,1.0,0.5,1.0,0.73333335,1.0,0.36319193840026853,2.482493209838867,0.6929894567786506,0.08236468762319624,0.0
10,espanhola,22,0.5,"(2, 5)",False,0.75238097,0.03011693,1.0,0.73333335,1.0,0.8,1.0,0.73333335,1.0,0.73333335,1.0,0.73333335,1.0,0.46681718826293944,2.988902282714844,0.29446772479292804,0.20237387192059575,0.0
10,espanhola,10,0.5,"(3, 5)",True,0.86,0.17182493,1.0,1.0,1.0,0.8933333,1.0,1.0,1.0,0.5,1.0,0.73333335,1.0,0.2810945987701416,2.000525379180908,0.29963185616015614,0.0891041096039254,0.0
10,espanhola,22,0.5,"(3, 5)",False,0.75238097,0.03011693,1.0,0.73333335,1.0,0.8,1.0,0.73333335,1.0,0.73333335,1.0,0.73333335,1.0,0.3163628578186035,2.3832581996917725,0.3015638584289712,0.12481049386143968,0.0
10,espanhola,3,0.9,"(2, 3)",True,0.89047617,0.18405855,1.0,1.0,1.0,1.0,1.0,1.0,1.0,0.5,1.0,0.73333335,1.0,0.1540560245513916,0.7092636108398438,0.03515992896060128,0.06857036384092263,0.0
10,espanhola,13,0.9,"(2, 3)",False,0.8552381,0.18190227,1.0,1.0,1.0,0.8933333,1.0,1.0,1.0,0.46666667,1.0,0.73333335,1.0,0.1390388011932373,0.6582555294036865,0.06168034658215054,0.052324617970715394,0.0
10,espanhola,10,0.9,"(2, 4)",True,0.86,0.17182493,1.0,1.0,1.0,0.8933333,1.0,1.0,1.0,0.5,1.0,0.73333335,1.0,0.231618070602417,1.2287301063537597,0.14321195862576364,0.08703745364759731,0.0
10,espanhola,13,0.9,"(2, 4)",False,0.8552381,0.18190227,1.0,1.0,1.0,0.8933333,1.0,1.0,1.0,0.46666667,1.0,0.73333335,1.0,0.25975847244262695,1.4061759471893311,0.255976039636322,0.05411665750431436,0.0
10,espanhola,6,0.9,"(2, 5)",True,0.8857143,0.19424836,1.0,1.0,1.0,1.0,1.0,1.0,1.0,0.46666667,1.0,0.73333335,1.0,0.5049036026000977,3.2785656452178955,0.19974299583274469,0.24100316296642782,0.0
10,espanhola,13,0.9,"(2, 5)",False,0.8552381,0.18190227,1.0,1.0,1.0,0.8933333,1.0,1.0,1.0,0.46666667,1.0,0.73333335,1.0,0.36318345069885255,2.638534355163574,0.1646735048585428,0.14567031988944543,0.0
10,espanhola,6,0.9,"(3, 5)",True,0.8857143,0.19424836,1.0,1.0,1.0,1.0,1.0,1.0,1.0,0.46666667,1.0,0.73333335,1.0,0.29711618423461916,2.2030524253845214,0.2655840906540539,0.0938121902463629,0.0
10,espanhola,13,0.9,"(3, 5)",False,0.8552381,0.18190227,1.0,1.0,1.0,0.8933333,1.0,1.0,1.0,0.46666667,1.0,0.73333335,1.0,0.28049516677856445,2.193255805969238,0.29388503032138474,0.11040788132327775,0.0
10,espanhola,3,0.999,"(2, 3)",True,0.89047617,0.18405855,1.0,1.0,1.0,1.0,1.0,1.0,1.0,0.5,1.0,0.73333335,1.0,0.16440463066101074,0.7610134601593017,0.1264184378739477,0.07029268621584815,0.0
10,espanhola,1,0.999,"(2, 3)",False,0.8933333,0.11041049,1.0,1.0,1.0,0.8933333,1.0,1.0,1.0,0.73333335,1.0,0.73333335,1.0,0.16386137008666993,0.7766881942749023,0.09819915240623217,0.07108572582083729,0.0
10,espanhola,3,0.999,"(2, 4)",True,0.89047617,0.18405855,1.0,1.0,1.0,1.0,1.0,1.0,1.0,0.5,1.0,0.73333335,1.0,0.23917217254638673,1.8968624114990233,0.4411406987794423,0.09462231853992933,0.0
10,espanhola,1,0.999,"(2, 4)",False,0.8933333,0.11041049,1.0,1.0,1.0,0.8933333,1.0,1.0,1.0,0.73333335,1.0,0.73333335,1.0,0.24892945289611818,1.7365799427032471,0.12184490288656478,0.07697871623811478,0.0
10,espanhola,6,0.999,"(2, 5)",True,0.8857143,0.19424836,1.0,1.0,1.0,1.0,1.0,1.0,1.0,0.46666667,1.0,0.73333335,1.0,0.38965864181518556,2.6285173416137697,0.1623255398100827,0.13099835983587246,0.0
10,espanhola,13,0.999,"(2, 5)",False,0.8552381,0.18190227,1.0,1.0,1.0,0.8933333,1.0,1.0,1.0,0.46666667,1.0,0.73333335,1.0,0.3709395885467529,2.643853044509888,0.21416098285356597,0.15299815139480136,0.0
10,espanhola,6,0.999,"(3, 5)",True,0.8857143,0.19424836,1.0,1.0,1.0,1.0,1.0,1.0,1.0,0.46666667,1.0,0.73333335,1.0,0.34680628776550293,2.3662607669830322,0.17571424610613634,0.09611019432029748,0.0
10,espanhola,13,0.999,"(3, 5)",False,0.8552381,0.18190227,1.0,1.0,1.0,0.8933333,1.0,1.0,1.0,0.46666667,1.0,0.73333335,1.0,0.3254724025726318,2.4181307792663573,0.30594639421330233,0.15705311342047357,0.0
