{ "corpus": "PAN 2014 - Author Identification - Training Corpus",
  "problems": [
    {"name": "GR001", "answer": "N", "language": "greek", "genre": "articles"},
    {"name": "GR002", "answer": "Y", "language": "greek", "genre": "articles"},
    {"name": "GR003", "answer": "N", "language": "greek", "genre": "articles"},
    {"name": "GR004", "answer": "Y", "language": "greek", "genre": "articles"},
    {"name": "GR005", "answer": "N", "language": "greek", "genre": "articles"},
    {"name": "GR006", "answer": "Y", "language": "greek", "genre": "articles"},
    {"name": "GR007", "answer": "N", "language": "greek", "genre": "articles"},
    {"name": "GR008", "answer": "Y", "language": "greek", "genre": "articles"},
    {"name": "GR009", "answer": "N", "language": "greek", "genre": "articles"},
    {"name": "GR010", "answer": "Y", "language": "greek", "genre": "articles"},
    {"name": "GR011", "answer": "N", "language": "greek", "genre": "articles"},
    {"name": "GR012", "answer": "N", "language": "greek", "genre": "articles"},
    {"name": "GR013", "answer": "Y", "language": "greek", "genre": "articles"},
    {"name": "GR014", "answer": "Y", "language": "greek", "genre": "articles"},
    {"name": "GR015", "answer": "N", "language": "greek", "genre": "articles"},
    {"name": "GR016", "answer": "N", "language": "greek", "genre": "articles"},
    {"name": "GR017", "answer": "Y", "language": "greek", "genre": "articles"},
    {"name": "GR018", "answer": "Y", "language": "greek", "genre": "articles"},
    {"name": "GR019", "answer": "N", "language": "greek", "genre": "articles"},
    {"name": "GR020", "answer": "N", "language": "greek", "genre": "articles"},
    {"name": "GR021", "answer": "Y", "language": "greek", "genre": "articles"},
    {"name": "GR022", "answer": "Y", "language": "greek", "genre": "articles"},
    {"name": "GR023", "answer": "N", "language": "greek", "genre": "articles"},
    {"name": "GR024", "answer": "N", "language": "greek", "genre": "articles"},
    {"name": "GR025", "answer": "Y", "language": "greek", "genre": "articles"},
    {"name": "GR026", "answer": "Y", "language": "greek", "genre": "articles"},
    {"name": "GR027", "answer": "N", "language": "greek", "genre": "articles"},
    {"name": "GR028", "answer": "N", "language": "greek", "genre": "articles"},
    {"name": "GR029", "answer": "Y", "language": "greek", "genre": "articles"},
    {"name": "GR030", "answer": "Y", "language": "greek", "genre": "articles"},
    {"name": "GR031", "answer": "Y", "language": "greek", "genre": "articles"},
    {"name": "GR032", "answer": "Y", "language": "greek", "genre": "articles"},
    {"name": "GR033", "answer": "N", "language": "greek", "genre": "articles"},
    {"name": "GR034", "answer": "N", "language": "greek", "genre": "articles"},
    {"name": "GR035", "answer": "N", "language": "greek", "genre": "articles"},
    {"name": "GR036", "answer": "N", "language": "greek", "genre": "articles"},
    {"name": "GR037", "answer": "Y", "language": "greek", "genre": "articles"},
    {"name": "GR038", "answer": "Y", "language": "greek", "genre": "articles"},
    {"name": "GR039", "answer": "N", "language": "greek", "genre": "articles"},
    {"name": "GR040", "answer": "N", "language": "greek", "genre": "articles"},
    {"name": "GR041", "answer": "N", "language": "greek", "genre": "articles"},
    {"name": "GR042", "answer": "N", "language": "greek", "genre": "articles"},
    {"name": "GR043", "answer": "Y", "language": "greek", "genre": "articles"},
    {"name": "GR044", "answer": "Y", "language": "greek", "genre": "articles"},
    {"name": "GR045", "answer": "N", "language": "greek", "genre": "articles"},
    {"name": "GR046", "answer": "N", "language": "greek", "genre": "articles"},
    {"name": "GR047", "answer": "Y", "language": "greek", "genre": "articles"},
    {"name": "GR048", "answer": "Y", "language": "greek", "genre": "articles"},
    {"name": "GR049", "answer": "N", "language": "greek", "genre": "articles"},
    {"name": "GR050", "answer": "N", "language": "greek", "genre": "articles"},
    {"name": "GR051", "answer": "Y", "language": "greek", "genre": "articles"},
    {"name": "GR052", "answer": "Y", "language": "greek", "genre": "articles"},
    {"name": "GR053", "answer": "Y", "language": "greek", "genre": "articles"},
    {"name": "GR054", "answer": "Y", "language": "greek", "genre": "articles"},
    {"name": "GR055", "answer": "Y", "language": "greek", "genre": "articles"},
    {"name": "GR056", "answer": "Y", "language": "greek", "genre": "articles"},
    {"name": "GR057", "answer": "N", "language": "greek", "genre": "articles"},
    {"name": "GR058", "answer": "N", "language": "greek", "genre": "articles"},
    {"name": "GR059", "answer": "Y", "language": "greek", "genre": "articles"},
    {"name": "GR060", "answer": "Y", "language": "greek", "genre": "articles"},
    {"name": "GR061", "answer": "N", "language": "greek", "genre": "articles"},
    {"name": "GR062", "answer": "N", "language": "greek", "genre": "articles"},
    {"name": "GR063", "answer": "Y", "language": "greek", "genre": "articles"},
    {"name": "GR064", "answer": "Y", "language": "greek", "genre": "articles"},
    {"name": "GR065", "answer": "Y", "language": "greek", "genre": "articles"},
    {"name": "GR066", "answer": "Y", "language": "greek", "genre": "articles"},
    {"name": "GR067", "answer": "N", "language": "greek", "genre": "articles"},
    {"name": "GR068", "answer": "N", "language": "greek", "genre": "articles"},
    {"name": "GR069", "answer": "N", "language": "greek", "genre": "articles"},
    {"name": "GR070", "answer": "N", "language": "greek", "genre": "articles"},
    {"name": "GR071", "answer": "Y", "language": "greek", "genre": "articles"},
    {"name": "GR072", "answer": "Y", "language": "greek", "genre": "articles"},
    {"name": "GR073", "answer": "N", "language": "greek", "genre": "articles"},
    {"name": "GR074", "answer": "N", "language": "greek", "genre": "articles"},
    {"name": "GR075", "answer": "N", "language": "greek", "genre": "articles"},
    {"name": "GR076", "answer": "N", "language": "greek", "genre": "articles"},
    {"name": "GR077", "answer": "Y", "language": "greek", "genre": "articles"},
    {"name": "GR078", "answer": "Y", "language": "greek", "genre": "articles"},
    {"name": "GR079", "answer": "N", "language": "greek", "genre": "articles"},
    {"name": "GR080", "answer": "N", "language": "greek", "genre": "articles"},
    {"name": "GR081", "answer": "N", "language": "greek", "genre": "articles"},
    {"name": "GR082", "answer": "N", "language": "greek", "genre": "articles"},
    {"name": "GR083", "answer": "Y", "language": "greek", "genre": "articles"},
    {"name": "GR084", "answer": "Y", "language": "greek", "genre": "articles"},
    {"name": "GR085", "answer": "Y", "language": "greek", "genre": "articles"},
    {"name": "GR086", "answer": "Y", "language": "greek", "genre": "articles"},
    {"name": "GR087", "answer": "Y", "language": "greek", "genre": "articles"},
    {"name": "GR088", "answer": "Y", "language": "greek", "genre": "articles"},
    {"name": "GR089", "answer": "N", "language": "greek", "genre": "articles"},
    {"name": "GR090", "answer": "N", "language": "greek", "genre": "articles"},
    {"name": "GR091", "answer": "Y", "language": "greek", "genre": "articles"},
    {"name": "GR092", "answer": "Y", "language": "greek", "genre": "articles"},
    {"name": "GR093", "answer": "Y", "language": "greek", "genre": "articles"},
    {"name": "GR094", "answer": "Y", "language": "greek", "genre": "articles"},
    {"name": "GR095", "answer": "Y", "language": "greek", "genre": "articles"},
    {"name": "GR096", "answer": "N", "language": "greek", "genre": "articles"},
    {"name": "GR097", "answer": "N", "language": "greek", "genre": "articles"},
    {"name": "GR098", "answer": "N", "language": "greek", "genre": "articles"},
    {"name": "GR099", "answer": "N", "language": "greek", "genre": "articles"},
    {"name": "GR100", "answer": "N", "language": "greek", "genre": "articles"}
  ]
}
