{
    "ground_truth": [
        {
            "unknown-text": "unknown00001.txt",
            "true-author": "candidate00004"
        },
        {
            "unknown-text": "unknown00002.txt",
            "true-author": "candidate00002"
        },
        {
            "unknown-text": "unknown00003.txt",
            "true-author": "candidate00005"
        },
        {
            "unknown-text": "unknown00004.txt",
            "true-author": "candidate00003"
        },
        {
            "unknown-text": "unknown00005.txt",
            "true-author": "candidate00005"
        },
        {
            "unknown-text": "unknown00006.txt",
            "true-author": "candidate00001"
        },
        {
            "unknown-text": "unknown00007.txt",
            "true-author": "candidate00003"
        },
        {
            "unknown-text": "unknown00008.txt",
            "true-author": "candidate00004"
        },
        {
            "unknown-text": "unknown00009.txt",
            "true-author": "candidate00002"
        },
        {
            "unknown-text": "unknown00010.txt",
            "true-author": "candidate00003"
        },
        {
            "unknown-text": "unknown00011.txt",
            "true-author": "candidate00001"
        },
        {
            "unknown-text": "unknown00012.txt",
            "true-author": "candidate00004"
        },
        {
            "unknown-text": "unknown00013.txt",
            "true-author": "candidate00002"
        },
        {
            "unknown-text": "unknown00014.txt",
            "true-author": "candidate00004"
        },
        {
            "unknown-text": "unknown00015.txt",
            "true-author": "candidate00001"
        },
        {
            "unknown-text": "unknown00016.txt",
            "true-author": "candidate00002"
        },
        {
            "unknown-text": "unknown00017.txt",
            "true-author": "candidate00005"
        },
        {
            "unknown-text": "unknown00018.txt",
            "true-author": "candidate00004"
        },
        {
            "unknown-text": "unknown00019.txt",
            "true-author": "candidate00005"
        },
        {
            "unknown-text": "unknown00020.txt",
            "true-author": "candidate00005"
        },
        {
            "unknown-text": "unknown00021.txt",
            "true-author": "candidate00004"
        },
        {
            "unknown-text": "unknown00022.txt",
            "true-author": "candidate00002"
        },
        {
            "unknown-text": "unknown00023.txt",
            "true-author": "candidate00005"
        },
        {
            "unknown-text": "unknown00024.txt",
            "true-author": "candidate00003"
        },
        {
            "unknown-text": "unknown00025.txt",
            "true-author": "candidate00005"
        },
        {
            "unknown-text": "unknown00026.txt",
            "true-author": "candidate00001"
        },
        {
            "unknown-text": "unknown00027.txt",
            "true-author": "candidate00003"
        },
        {
            "unknown-text": "unknown00028.txt",
            "true-author": "candidate00003"
        },
        {
            "unknown-text": "unknown00029.txt",
            "true-author": "candidate00001"
        },
        {
            "unknown-text": "unknown00030.txt",
            "true-author": "candidate00005"
        },
        {
            "unknown-text": "unknown00031.txt",
            "true-author": "candidate00005"
        },
        {
            "unknown-text": "unknown00032.txt",
            "true-author": "candidate00003"
        },
        {
            "unknown-text": "unknown00033.txt",
            "true-author": "candidate00001"
        },
        {
            "unknown-text": "unknown00034.txt",
            "true-author": "candidate00001"
        },
        {
            "unknown-text": "unknown00035.txt",
            "true-author": "candidate00001"
        },
        {
            "unknown-text": "unknown00036.txt",
            "true-author": "candidate00002"
        },
        {
            "unknown-text": "unknown00037.txt",
            "true-author": "candidate00001"
        },
        {
            "unknown-text": "unknown00038.txt",
            "true-author": "candidate00003"
        }
    ]
}