{ "corpus": "PAN 2014 - Author Identification - Training Corpus",
  "problems": [
    {"name": "DE001", "answer": "Y", "language": "dutch", "genre": "essays"},
    {"name": "DE002", "answer": "Y", "language": "dutch", "genre": "essays"},
    {"name": "DE003", "answer": "N", "language": "dutch", "genre": "essays"},
    {"name": "DE004", "answer": "N", "language": "dutch", "genre": "essays"},
    {"name": "DE005", "answer": "N", "language": "dutch", "genre": "essays"},
    {"name": "DE006", "answer": "N", "language": "dutch", "genre": "essays"},
    {"name": "DE007", "answer": "N", "language": "dutch", "genre": "essays"},
    {"name": "DE008", "answer": "Y", "language": "dutch", "genre": "essays"},
    {"name": "DE009", "answer": "Y", "language": "dutch", "genre": "essays"},
    {"name": "DE010", "answer": "Y", "language": "dutch", "genre": "essays"},
    {"name": "DE011", "answer": "Y", "language": "dutch", "genre": "essays"},
    {"name": "DE012", "answer": "Y", "language": "dutch", "genre": "essays"},
    {"name": "DE013", "answer": "Y", "language": "dutch", "genre": "essays"},
    {"name": "DE014", "answer": "Y", "language": "dutch", "genre": "essays"},
    {"name": "DE015", "answer": "Y", "language": "dutch", "genre": "essays"},
    {"name": "DE016", "answer": "Y", "language": "dutch", "genre": "essays"},
    {"name": "DE017", "answer": "Y", "language": "dutch", "genre": "essays"},
    {"name": "DE018", "answer": "N", "language": "dutch", "genre": "essays"},
    {"name": "DE019", "answer": "N", "language": "dutch", "genre": "essays"},
    {"name": "DE020", "answer": "Y", "language": "dutch", "genre": "essays"},
    {"name": "DE021", "answer": "N", "language": "dutch", "genre": "essays"},
    {"name": "DE022", "answer": "N", "language": "dutch", "genre": "essays"},
    {"name": "DE023", "answer": "Y", "language": "dutch", "genre": "essays"},
    {"name": "DE024", "answer": "Y", "language": "dutch", "genre": "essays"},
    {"name": "DE025", "answer": "N", "language": "dutch", "genre": "essays"},
    {"name": "DE026", "answer": "Y", "language": "dutch", "genre": "essays"},
    {"name": "DE027", "answer": "N", "language": "dutch", "genre": "essays"},
    {"name": "DE028", "answer": "Y", "language": "dutch", "genre": "essays"},
    {"name": "DE029", "answer": "N", "language": "dutch", "genre": "essays"},
    {"name": "DE030", "answer": "N", "language": "dutch", "genre": "essays"},
    {"name": "DE031", "answer": "N", "language": "dutch", "genre": "essays"},
    {"name": "DE032", "answer": "N", "language": "dutch", "genre": "essays"},
    {"name": "DE033", "answer": "Y", "language": "dutch", "genre": "essays"},
    {"name": "DE034", "answer": "N", "language": "dutch", "genre": "essays"},
    {"name": "DE035", "answer": "N", "language": "dutch", "genre": "essays"},
    {"name": "DE036", "answer": "Y", "language": "dutch", "genre": "essays"},
    {"name": "DE037", "answer": "N", "language": "dutch", "genre": "essays"},
    {"name": "DE038", "answer": "N", "language": "dutch", "genre": "essays"},
    {"name": "DE039", "answer": "Y", "language": "dutch", "genre": "essays"},
    {"name": "DE040", "answer": "N", "language": "dutch", "genre": "essays"},
    {"name": "DE041", "answer": "N", "language": "dutch", "genre": "essays"},
    {"name": "DE042", "answer": "Y", "language": "dutch", "genre": "essays"},
    {"name": "DE043", "answer": "N", "language": "dutch", "genre": "essays"},
    {"name": "DE044", "answer": "Y", "language": "dutch", "genre": "essays"},
    {"name": "DE045", "answer": "Y", "language": "dutch", "genre": "essays"},
    {"name": "DE046", "answer": "N", "language": "dutch", "genre": "essays"},
    {"name": "DE047", "answer": "Y", "language": "dutch", "genre": "essays"},
    {"name": "DE048", "answer": "N", "language": "dutch", "genre": "essays"},
    {"name": "DE049", "answer": "N", "language": "dutch", "genre": "essays"},
    {"name": "DE050", "answer": "Y", "language": "dutch", "genre": "essays"},
    {"name": "DE051", "answer": "N", "language": "dutch", "genre": "essays"},
    {"name": "DE052", "answer": "Y", "language": "dutch", "genre": "essays"},
    {"name": "DE053", "answer": "N", "language": "dutch", "genre": "essays"},
    {"name": "DE054", "answer": "N", "language": "dutch", "genre": "essays"},
    {"name": "DE055", "answer": "Y", "language": "dutch", "genre": "essays"},
    {"name": "DE056", "answer": "N", "language": "dutch", "genre": "essays"},
    {"name": "DE057", "answer": "N", "language": "dutch", "genre": "essays"},
    {"name": "DE058", "answer": "Y", "language": "dutch", "genre": "essays"},
    {"name": "DE059", "answer": "N", "language": "dutch", "genre": "essays"},
    {"name": "DE060", "answer": "Y", "language": "dutch", "genre": "essays"},
    {"name": "DE061", "answer": "N", "language": "dutch", "genre": "essays"},
    {"name": "DE062", "answer": "Y", "language": "dutch", "genre": "essays"},
    {"name": "DE063", "answer": "Y", "language": "dutch", "genre": "essays"},
    {"name": "DE064", "answer": "Y", "language": "dutch", "genre": "essays"},
    {"name": "DE065", "answer": "Y", "language": "dutch", "genre": "essays"},
    {"name": "DE066", "answer": "Y", "language": "dutch", "genre": "essays"},
    {"name": "DE067", "answer": "Y", "language": "dutch", "genre": "essays"},
    {"name": "DE068", "answer": "Y", "language": "dutch", "genre": "essays"},
    {"name": "DE069", "answer": "Y", "language": "dutch", "genre": "essays"},
    {"name": "DE070", "answer": "Y", "language": "dutch", "genre": "essays"},
    {"name": "DE071", "answer": "N", "language": "dutch", "genre": "essays"},
    {"name": "DE072", "answer": "N", "language": "dutch", "genre": "essays"},
    {"name": "DE073", "answer": "N", "language": "dutch", "genre": "essays"},
    {"name": "DE074", "answer": "Y", "language": "dutch", "genre": "essays"},
    {"name": "DE075", "answer": "N", "language": "dutch", "genre": "essays"},
    {"name": "DE076", "answer": "N", "language": "dutch", "genre": "essays"},
    {"name": "DE077", "answer": "Y", "language": "dutch", "genre": "essays"},
    {"name": "DE078", "answer": "N", "language": "dutch", "genre": "essays"},
    {"name": "DE079", "answer": "Y", "language": "dutch", "genre": "essays"},
    {"name": "DE080", "answer": "N", "language": "dutch", "genre": "essays"},
    {"name": "DE081", "answer": "Y", "language": "dutch", "genre": "essays"},
    {"name": "DE082", "answer": "Y", "language": "dutch", "genre": "essays"},
    {"name": "DE083", "answer": "N", "language": "dutch", "genre": "essays"},
    {"name": "DE084", "answer": "N", "language": "dutch", "genre": "essays"},
    {"name": "DE085", "answer": "Y", "language": "dutch", "genre": "essays"},
    {"name": "DE086", "answer": "N", "language": "dutch", "genre": "essays"},
    {"name": "DE087", "answer": "Y", "language": "dutch", "genre": "essays"},
    {"name": "DE088", "answer": "Y", "language": "dutch", "genre": "essays"},
    {"name": "DE089", "answer": "N", "language": "dutch", "genre": "essays"},
    {"name": "DE090", "answer": "N", "language": "dutch", "genre": "essays"},
    {"name": "DE091", "answer": "N", "language": "dutch", "genre": "essays"},
    {"name": "DE092", "answer": "Y", "language": "dutch", "genre": "essays"},
    {"name": "DE093", "answer": "N", "language": "dutch", "genre": "essays"},
    {"name": "DE094", "answer": "N", "language": "dutch", "genre": "essays"},
    {"name": "DE095", "answer": "Y", "language": "dutch", "genre": "essays"},
    {"name": "DE096", "answer": "N", "language": "dutch", "genre": "essays"}
  ]
}
