[
    {
        "problem-name": "problem00001",
        "language": "pt",
        "encoding": "UTF-8"
    },
    {
        "problem-name": "problem00002",
        "language": "pt",
        "encoding": "UTF-8"
    },
    {
        "problem-name": "problem00003",
        "language": "pt",
        "encoding": "UTF-8"
    },
    {
        "problem-name": "problem00004",
        "language": "pt",
        "encoding": "UTF-8"
    },
    {
        "problem-name": "problem00005",
        "language": "pt",
        "encoding": "UTF-8"
    },
    {
        "problem-name": "problem00006",
        "language": "en",
        "encoding": "UTF-8"
    },
    {
        "problem-name": "problem00007",
        "language": "en",
        "encoding": "UTF-8"
    },
    {
        "problem-name": "problem00008",
        "language": "en",
        "encoding": "UTF-8"
    },
    {
        "problem-name": "problem00009",
        "language": "en",
        "encoding": "UTF-8"
    },
    {
        "problem-name": "problem00010",
        "language": "en",
        "encoding": "UTF-8"
    }
]