{ "corpus": "PAN 2014 - Author Identification - Training Corpus",
  "problems": [
    {"name": "DR001", "answer": "N", "language": "dutch", "genre": "reviews"},
    {"name": "DR002", "answer": "Y", "language": "dutch", "genre": "reviews"},
    {"name": "DR003", "answer": "Y", "language": "dutch", "genre": "reviews"},
    {"name": "DR004", "answer": "N", "language": "dutch", "genre": "reviews"},
    {"name": "DR005", "answer": "Y", "language": "dutch", "genre": "reviews"},
    {"name": "DR006", "answer": "Y", "language": "dutch", "genre": "reviews"},
    {"name": "DR007", "answer": "Y", "language": "dutch", "genre": "reviews"},
    {"name": "DR008", "answer": "N", "language": "dutch", "genre": "reviews"},
    {"name": "DR009", "answer": "N", "language": "dutch", "genre": "reviews"},
    {"name": "DR010", "answer": "Y", "language": "dutch", "genre": "reviews"},
    {"name": "DR011", "answer": "Y", "language": "dutch", "genre": "reviews"},
    {"name": "DR012", "answer": "Y", "language": "dutch", "genre": "reviews"},
    {"name": "DR013", "answer": "Y", "language": "dutch", "genre": "reviews"},
    {"name": "DR014", "answer": "N", "language": "dutch", "genre": "reviews"},
    {"name": "DR015", "answer": "N", "language": "dutch", "genre": "reviews"},
    {"name": "DR016", "answer": "N", "language": "dutch", "genre": "reviews"},
    {"name": "DR017", "answer": "Y", "language": "dutch", "genre": "reviews"},
    {"name": "DR018", "answer": "Y", "language": "dutch", "genre": "reviews"},
    {"name": "DR019", "answer": "Y", "language": "dutch", "genre": "reviews"},
    {"name": "DR020", "answer": "N", "language": "dutch", "genre": "reviews"},
    {"name": "DR021", "answer": "N", "language": "dutch", "genre": "reviews"},
    {"name": "DR022", "answer": "N", "language": "dutch", "genre": "reviews"},
    {"name": "DR023", "answer": "N", "language": "dutch", "genre": "reviews"},
    {"name": "DR024", "answer": "Y", "language": "dutch", "genre": "reviews"},
    {"name": "DR025", "answer": "N", "language": "dutch", "genre": "reviews"},
    {"name": "DR026", "answer": "N", "language": "dutch", "genre": "reviews"},
    {"name": "DR027", "answer": "N", "language": "dutch", "genre": "reviews"},
    {"name": "DR028", "answer": "Y", "language": "dutch", "genre": "reviews"},
    {"name": "DR029", "answer": "N", "language": "dutch", "genre": "reviews"},
    {"name": "DR030", "answer": "N", "language": "dutch", "genre": "reviews"},
    {"name": "DR031", "answer": "N", "language": "dutch", "genre": "reviews"},
    {"name": "DR032", "answer": "Y", "language": "dutch", "genre": "reviews"},
    {"name": "DR033", "answer": "N", "language": "dutch", "genre": "reviews"},
    {"name": "DR034", "answer": "Y", "language": "dutch", "genre": "reviews"},
    {"name": "DR035", "answer": "Y", "language": "dutch", "genre": "reviews"},
    {"name": "DR036", "answer": "N", "language": "dutch", "genre": "reviews"},
    {"name": "DR037", "answer": "Y", "language": "dutch", "genre": "reviews"},
    {"name": "DR038", "answer": "N", "language": "dutch", "genre": "reviews"},
    {"name": "DR039", "answer": "N", "language": "dutch", "genre": "reviews"},
    {"name": "DR040", "answer": "N", "language": "dutch", "genre": "reviews"},
    {"name": "DR041", "answer": "Y", "language": "dutch", "genre": "reviews"},
    {"name": "DR042", "answer": "N", "language": "dutch", "genre": "reviews"},
    {"name": "DR043", "answer": "Y", "language": "dutch", "genre": "reviews"},
    {"name": "DR044", "answer": "Y", "language": "dutch", "genre": "reviews"},
    {"name": "DR045", "answer": "N", "language": "dutch", "genre": "reviews"},
    {"name": "DR046", "answer": "N", "language": "dutch", "genre": "reviews"},
    {"name": "DR047", "answer": "N", "language": "dutch", "genre": "reviews"},
    {"name": "DR048", "answer": "Y", "language": "dutch", "genre": "reviews"},
    {"name": "DR049", "answer": "Y", "language": "dutch", "genre": "reviews"},
    {"name": "DR050", "answer": "Y", "language": "dutch", "genre": "reviews"},
    {"name": "DR051", "answer": "N", "language": "dutch", "genre": "reviews"},
    {"name": "DR052", "answer": "N", "language": "dutch", "genre": "reviews"},
    {"name": "DR053", "answer": "Y", "language": "dutch", "genre": "reviews"},
    {"name": "DR054", "answer": "Y", "language": "dutch", "genre": "reviews"},
    {"name": "DR055", "answer": "Y", "language": "dutch", "genre": "reviews"},
    {"name": "DR056", "answer": "N", "language": "dutch", "genre": "reviews"},
    {"name": "DR057", "answer": "N", "language": "dutch", "genre": "reviews"},
    {"name": "DR058", "answer": "N", "language": "dutch", "genre": "reviews"},
    {"name": "DR059", "answer": "Y", "language": "dutch", "genre": "reviews"},
    {"name": "DR060", "answer": "N", "language": "dutch", "genre": "reviews"},
    {"name": "DR061", "answer": "Y", "language": "dutch", "genre": "reviews"},
    {"name": "DR062", "answer": "N", "language": "dutch", "genre": "reviews"},
    {"name": "DR063", "answer": "Y", "language": "dutch", "genre": "reviews"},
    {"name": "DR064", "answer": "N", "language": "dutch", "genre": "reviews"},
    {"name": "DR065", "answer": "Y", "language": "dutch", "genre": "reviews"},
    {"name": "DR066", "answer": "N", "language": "dutch", "genre": "reviews"},
    {"name": "DR067", "answer": "Y", "language": "dutch", "genre": "reviews"},
    {"name": "DR068", "answer": "N", "language": "dutch", "genre": "reviews"},
    {"name": "DR069", "answer": "Y", "language": "dutch", "genre": "reviews"},
    {"name": "DR070", "answer": "N", "language": "dutch", "genre": "reviews"},
    {"name": "DR071", "answer": "Y", "language": "dutch", "genre": "reviews"},
    {"name": "DR072", "answer": "Y", "language": "dutch", "genre": "reviews"},
    {"name": "DR073", "answer": "N", "language": "dutch", "genre": "reviews"},
    {"name": "DR074", "answer": "N", "language": "dutch", "genre": "reviews"},
    {"name": "DR075", "answer": "N", "language": "dutch", "genre": "reviews"},
    {"name": "DR076", "answer": "Y", "language": "dutch", "genre": "reviews"},
    {"name": "DR077", "answer": "Y", "language": "dutch", "genre": "reviews"},
    {"name": "DR078", "answer": "Y", "language": "dutch", "genre": "reviews"},
    {"name": "DR079", "answer": "N", "language": "dutch", "genre": "reviews"},
    {"name": "DR080", "answer": "N", "language": "dutch", "genre": "reviews"},
    {"name": "DR081", "answer": "Y", "language": "dutch", "genre": "reviews"},
    {"name": "DR082", "answer": "Y", "language": "dutch", "genre": "reviews"},
    {"name": "DR083", "answer": "Y", "language": "dutch", "genre": "reviews"},
    {"name": "DR084", "answer": "Y", "language": "dutch", "genre": "reviews"},
    {"name": "DR085", "answer": "Y", "language": "dutch", "genre": "reviews"},
    {"name": "DR086", "answer": "Y", "language": "dutch", "genre": "reviews"},
    {"name": "DR087", "answer": "Y", "language": "dutch", "genre": "reviews"},
    {"name": "DR088", "answer": "N", "language": "dutch", "genre": "reviews"},
    {"name": "DR089", "answer": "N", "language": "dutch", "genre": "reviews"},
    {"name": "DR090", "answer": "N", "language": "dutch", "genre": "reviews"},
    {"name": "DR091", "answer": "N", "language": "dutch", "genre": "reviews"},
    {"name": "DR092", "answer": "Y", "language": "dutch", "genre": "reviews"},
    {"name": "DR093", "answer": "Y", "language": "dutch", "genre": "reviews"},
    {"name": "DR094", "answer": "N", "language": "dutch", "genre": "reviews"},
    {"name": "DR095", "answer": "Y", "language": "dutch", "genre": "reviews"},
    {"name": "DR096", "answer": "N", "language": "dutch", "genre": "reviews"},
    {"name": "DR097", "answer": "Y", "language": "dutch", "genre": "reviews"},
    {"name": "DR098", "answer": "N", "language": "dutch", "genre": "reviews"},
    {"name": "DR099", "answer": "N", "language": "dutch", "genre": "reviews"},
    {"name": "DR100", "answer": "Y", "language": "dutch", "genre": "reviews"}
  ]
}
